OBJECTID,Oceans,Regions,SubRegions,Country,State,Beach Location,Marine Setting,Ocean Bottom Depth (m),Sediment Sample Depth (m),Sampling Method,Transect Number,Sampling Point on Beach,Volunteers Number,Collecting Time (min),Microplastics Measurement (density),Unit,Density Class Range,Concentration Class,Short Reference,Long Reference,DOI,Organization,Keywords,NCEI Accession Number,NCEI Accession Link,Symbology,Latitude,Longitude,Date,Mesh Size (mm),Standardized Nurdle Amount,Water Sample Depth (m),GlobalID,x,y
10192,Pacific Ocean,Tasman Sea,,,,,Ocean water,,,Manta net,,,,,0,pieces/m3,0-0.0005,Very Low,Reisser et al.2013,"Reisser, J., J. Shaw, C. Wilcox, B.D. Hardesty, M. Proietti, M. Thums, et al. 2013. Marine Plastic Pollution in Waters around Australia: Characteristics, Concentrations, and Pathways. PLoS ONE 8(11): e80466. ",https://doi.org/10.1371/journal.pone.0080466,University of Western Australia,RV Southern Surveyor/RV Solander,252260,https://www.ncei.noaa.gov/access/metadata/landing-page/bin/iso?id=gov.noaa.nodc:0252260,"Ocean Surface, Very Low, 0-0.0005 pieces/m3",-39.6401,148.8615,4/11/2012,0.333,,0,74352cc9-7111-45d3-a575-4891fd65c3e7,148.86148,-39.64013
11946,Pacific Ocean,Tasman Sea,,,,,Ocean water,,,Neuston net,,,,,0,pieces/m3,0-0.0005,Very Low,Eriksen et al.2014,"Eriksen, M., L.C.M. Lebreton, H.S. Carson, M. Thiel, C.J. Moore, J.C. Borerro, F. Galgani, P.G. Ryan, J. Reisser. 2014. Plastic Pollution in the World’s Oceans: More than 5 Trillion Plastic Pieces Weighing over 250,000 Tons Afloat at Sea. PLoS ONE 9(12): e111913. doi:10.1371/journal.pone.0111913",https://doi.org/10.1371/journal.pone.0111913,5 Gyres Institute,SV Mir; ORV Alguita; SV Sea Dragon; RV Stad Amsterdam,275968,https://www.ncei.noaa.gov/access/metadata/landing-page/bin/iso?id=gov.noaa.nodc:275968,"Ocean Surface, Very Low, 0-0.0005 pieces/m3",-39.6342,148.8566,4/11/2012,0.33,,0,0f360383-2b9d-4180-a409-d8f538650637,148.8566,-39.6342
10256,Pacific Ocean,Tasman Sea,,,,,Ocean water,,,Manta net,,,,,0.064812,pieces/m3,0.005-1,Medium,Reisser et al.2013,"Reisser, J., J. Shaw, C. Wilcox, B.D. Hardesty, M. Proietti, M. Thums, et al. 2013. Marine Plastic Pollution in Waters around Australia: Characteristics, Concentrations, and Pathways. PLoS ONE 8(11): e80466. ",https://doi.org/10.1371/journal.pone.0080466,University of Western Australia,RV Southern Surveyor/RV Solander,252260,https://www.ncei.noaa.gov/access/metadata/landing-page/bin/iso?id=gov.noaa.nodc:0252260,"Ocean Surface, Medium, 0.005-1 pieces/m3",-42.2811,148.9709,6/15/2012,0.333,,0,1daca0db-7290-4158-b802-433484af8646,148.9709,-42.28115
11942,Pacific Ocean,Tasman Sea,,,,,Ocean water,,,Neuston net,,,,,0.02562,pieces/m3,0.005-1,Medium,Eriksen et al.2014,"Eriksen, M., L.C.M. Lebreton, H.S. Carson, M. Thiel, C.J. Moore, J.C. Borerro, F. Galgani, P.G. Ryan, J. Reisser. 2014. Plastic Pollution in the World’s Oceans: More than 5 Trillion Plastic Pieces Weighing over 250,000 Tons Afloat at Sea. PLoS ONE 9(12): e111913. doi:10.1371/journal.pone.0111913",https://doi.org/10.1371/journal.pone.0111913,5 Gyres Institute,SV Mir; ORV Alguita; SV Sea Dragon; RV Stad Amsterdam,275968,https://www.ncei.noaa.gov/access/metadata/landing-page/bin/iso?id=gov.noaa.nodc:275968,"Ocean Surface, Medium, 0.005-1 pieces/m3",-41.8806,148.4923,4/10/2012,0.33,,0,3fd9b251-12e1-4083-8ea6-6086b8e0cdbf,148.4923,-41.8806
10189,Pacific Ocean,Tasman Sea,,,,,Ocean water,,,Manta net,,,,,0.02771,pieces/m3,0.005-1,Medium,Reisser et al.2013,"Reisser, J., J. Shaw, C. Wilcox, B.D. Hardesty, M. Proietti, M. Thums, et al. 2013. Marine Plastic Pollution in Waters around Australia: Characteristics, Concentrations, and Pathways. PLoS ONE 8(11): e80466. ",https://doi.org/10.1371/journal.pone.0080466,University of Western Australia,RV Southern Surveyor/RV Solander,252260,https://www.ncei.noaa.gov/access/metadata/landing-page/bin/iso?id=gov.noaa.nodc:0252260,"Ocean Surface, Medium, 0.005-1 pieces/m3",-41.8759,148.5027,4/10/2012,0.333,,0,ac3e947d-2164-4e12-85a2-362638de2ab3,148.50267,-41.8759
11943,Pacific Ocean,Tasman Sea,,,,,Ocean water,,,Neuston net,,,,,0.019631,pieces/m3,0.005-1,Medium,Eriksen et al.2014,"Eriksen, M., L.C.M. Lebreton, H.S. Carson, M. Thiel, C.J. Moore, J.C. Borerro, F. Galgani, P.G. Ryan, J. Reisser. 2014. Plastic Pollution in the World’s Oceans: More than 5 Trillion Plastic Pieces Weighing over 250,000 Tons Afloat at Sea. PLoS ONE 9(12): e111913. doi:10.1371/journal.pone.0111913",https://doi.org/10.1371/journal.pone.0111913,5 Gyres Institute,SV Mir; ORV Alguita; SV Sea Dragon; RV Stad Amsterdam,275968,https://www.ncei.noaa.gov/access/metadata/landing-page/bin/iso?id=gov.noaa.nodc:275968,"Ocean Surface, Medium, 0.005-1 pieces/m3",-41.8728,148.5091,4/10/2012,0.33,,0,79e7389e-2525-41d0-b99a-7f132d23c687,148.5091,-41.8728
10190,Pacific Ocean,Tasman Sea,,,,,Ocean water,,,Manta net,,,,,0,pieces/m3,0-0.0005,Very Low,Reisser et al.2013,"Reisser, J., J. Shaw, C. Wilcox, B.D. Hardesty, M. Proietti, M. Thums, et al. 2013. Marine Plastic Pollution in Waters around Australia: Characteristics, Concentrations, and Pathways. PLoS ONE 8(11): e80466. ",https://doi.org/10.1371/journal.pone.0080466,University of Western Australia,RV Southern Surveyor/RV Solander,252260,https://www.ncei.noaa.gov/access/metadata/landing-page/bin/iso?id=gov.noaa.nodc:0252260,"Ocean Surface, Very Low, 0-0.0005 pieces/m3",-39.6565,148.8926,4/11/2012,0.333,,0,36ea2fb1-be99-478c-90b0-96916918eec4,148.89263,-39.65648
11944,Pacific Ocean,Tasman Sea,,,,,Ocean water,,,Neuston net,,,,,0,pieces/m3,0-0.0005,Very Low,Eriksen et al.2014,"Eriksen, M., L.C.M. Lebreton, H.S. Carson, M. Thiel, C.J. Moore, J.C. Borerro, F. Galgani, P.G. Ryan, J. Reisser. 2014. Plastic Pollution in the World’s Oceans: More than 5 Trillion Plastic Pieces Weighing over 250,000 Tons Afloat at Sea. PLoS ONE 9(12): e111913. doi:10.1371/journal.pone.0111913",https://doi.org/10.1371/journal.pone.0111913,5 Gyres Institute,SV Mir; ORV Alguita; SV Sea Dragon; RV Stad Amsterdam,275968,https://www.ncei.noaa.gov/access/metadata/landing-page/bin/iso?id=gov.noaa.nodc:275968,"Ocean Surface, Very Low, 0-0.0005 pieces/m3",-39.6546,148.8843,4/11/2012,0.33,,0,c1bed77e-f2e1-47b8-8dd5-779094c8dc31,148.8843,-39.6546
11945,Pacific Ocean,Tasman Sea,,,,,Ocean water,,,Neuston net,,,,,0,pieces/m3,0-0.0005,Very Low,Eriksen et al.2014,"Eriksen, M., L.C.M. Lebreton, H.S. Carson, M. Thiel, C.J. Moore, J.C. Borerro, F. Galgani, P.G. Ryan, J. Reisser. 2014. Plastic Pollution in the World’s Oceans: More than 5 Trillion Plastic Pieces Weighing over 250,000 Tons Afloat at Sea. PLoS ONE 9(12): e111913. doi:10.1371/journal.pone.0111913",https://doi.org/10.1371/journal.pone.0111913,5 Gyres Institute,SV Mir; ORV Alguita; SV Sea Dragon; RV Stad Amsterdam,275968,https://www.ncei.noaa.gov/access/metadata/landing-page/bin/iso?id=gov.noaa.nodc:275968,"Ocean Surface, Very Low, 0-0.0005 pieces/m3",-39.6467,148.8677,4/11/2012,0.33,,0,7b1f1e0f-1bbc-4ac5-bf17-16f6983b5577,148.8677,-39.6467
10191,Pacific Ocean,Tasman Sea,,,,,Ocean water,,,Manta net,,,,,0,pieces/m3,0-0.0005,Very Low,Reisser et al.2013,"Reisser, J., J. Shaw, C. Wilcox, B.D. Hardesty, M. Proietti, M. Thums, et al. 2013. Marine Plastic Pollution in Waters around Australia: Characteristics, Concentrations, and Pathways. PLoS ONE 8(11): e80466. ",https://doi.org/10.1371/journal.pone.0080466,University of Western Australia,RV Southern Surveyor/RV Solander,252260,https://www.ncei.noaa.gov/access/metadata/landing-page/bin/iso?id=gov.noaa.nodc:0252260,"Ocean Surface, Very Low, 0-0.0005 pieces/m3",-39.6521,148.8732,4/11/2012,0.333,,0,704e3f15-781c-4975-93bd-5e47443f8be7,148.87323,-39.65205
10347,Pacific Ocean,,,,,,Ocean water,,,Neuston net,,,,,0,pieces/m3,0-0.0005,Very Low,Suaria et al.2020,"Suaria, G., V. Perold, J.R. Lee, F. Lebouard, S. Aliani, P.G. Ryan. 2020. Floating macro- and microplastics around the Southern Ocean: Results from the Antarctic Circumnavigation Expedition. Environment International, 136, 105494 ",https://doi.org/10.1016/j.envint.2020.105494,"Institute of Marine Sciences - National Research Council, Italy",Antarctic Circumnavigation Expedition,253447,https://www.ncei.noaa.gov/access/metadata/landing-page/bin/iso?id=gov.noaa.nodc:0253447,"Ocean Surface, Very Low, 0-0.0005 pieces/m3",-59.6119,148.655,1/25/2017,0.2,,0,a6132c9c-32bc-42da-8892-3c9f0d7a9306,148.65504,-59.61187
10346,Pacific Ocean,,,,,,Ocean water,,,Neuston net,,,,,0.003016,pieces/m3,0.0005-0.005,Low,Suaria et al.2020,"Suaria, G., V. Perold, J.R. Lee, F. Lebouard, S. Aliani, P.G. Ryan. 2020. Floating macro- and microplastics around the Southern Ocean: Results from the Antarctic Circumnavigation Expedition. Environment International, 136, 105494 ",https://doi.org/10.1016/j.envint.2020.105494,"Institute of Marine Sciences - National Research Council, Italy",Antarctic Circumnavigation Expedition,253447,https://www.ncei.noaa.gov/access/metadata/landing-page/bin/iso?id=gov.noaa.nodc:0253447,"Ocean Surface, Low, 0.0005-0.005 pieces/m3",-53.6266,149.31,1/24/2017,0.2,,0,ed526788-0994-4e1a-9bc5-6e538035f141,149.31004,-53.62655
10345,Pacific Ocean,,,,,,Ocean water,,,Neuston net,,,,,0,pieces/m3,0-0.0005,Very Low,Suaria et al.2020,"Suaria, G., V. Perold, J.R. Lee, F. Lebouard, S. Aliani, P.G. Ryan. 2020. Floating macro- and microplastics around the Southern Ocean: Results from the Antarctic Circumnavigation Expedition. Environment International, 136, 105494 ",https://doi.org/10.1016/j.envint.2020.105494,"Institute of Marine Sciences - National Research Council, Italy",Antarctic Circumnavigation Expedition,253447,https://www.ncei.noaa.gov/access/metadata/landing-page/bin/iso?id=gov.noaa.nodc:0253447,"Ocean Surface, Very Low, 0-0.0005 pieces/m3",-46.3877,150.4065,1/22/2017,0.2,,0,5ec57d8e-e661-4da7-a48c-4237911ecfed,150.40645,-46.38769
12012,Pacific Ocean,Tasman Sea,,,,,Ocean water,,,Neuston net,,,,,0,pieces/m3,0-0.0005,Very Low,Eriksen et al.2014,"Eriksen, M., L.C.M. Lebreton, H.S. Carson, M. Thiel, C.J. Moore, J.C. Borerro, F. Galgani, P.G. Ryan, J. Reisser. 2014. Plastic Pollution in the World’s Oceans: More than 5 Trillion Plastic Pieces Weighing over 250,000 Tons Afloat at Sea. PLoS ONE 9(12): e111913. doi:10.1371/journal.pone.0111913",https://doi.org/10.1371/journal.pone.0111913,5 Gyres Institute,SV Mir; ORV Alguita; SV Sea Dragon; RV Stad Amsterdam,275968,https://www.ncei.noaa.gov/access/metadata/landing-page/bin/iso?id=gov.noaa.nodc:275968,"Ocean Surface, Very Low, 0-0.0005 pieces/m3",-42.3087,148.9488,6/15/2012,0.33,,0,9e227bab-db37-4be8-be17-3942dd680830,148.9488,-42.3087
10257,Pacific Ocean,Tasman Sea,,,,,Ocean water,,,Manta net,,,,,0.021715,pieces/m3,0.005-1,Medium,Reisser et al.2013,"Reisser, J., J. Shaw, C. Wilcox, B.D. Hardesty, M. Proietti, M. Thums, et al. 2013. Marine Plastic Pollution in Waters around Australia: Characteristics, Concentrations, and Pathways. PLoS ONE 8(11): e80466. ",https://doi.org/10.1371/journal.pone.0080466,University of Western Australia,RV Southern Surveyor/RV Solander,252260,https://www.ncei.noaa.gov/access/metadata/landing-page/bin/iso?id=gov.noaa.nodc:0252260,"Ocean Surface, Medium, 0.005-1 pieces/m3",-42.2923,148.9603,6/15/2012,0.333,,0,ba0ebadf-0b1b-4175-8e6d-e15f9b0820f3,148.96027,-42.29233
10258,Pacific Ocean,Tasman Sea,,,,,Ocean water,,,Manta net,,,,,0,pieces/m3,0-0.0005,Very Low,Reisser et al.2013,"Reisser, J., J. Shaw, C. Wilcox, B.D. Hardesty, M. Proietti, M. Thums, et al. 2013. Marine Plastic Pollution in Waters around Australia: Characteristics, Concentrations, and Pathways. PLoS ONE 8(11): e80466. ",https://doi.org/10.1371/journal.pone.0080466,University of Western Australia,RV Southern Surveyor/RV Solander,252260,https://www.ncei.noaa.gov/access/metadata/landing-page/bin/iso?id=gov.noaa.nodc:0252260,"Ocean Surface, Very Low, 0-0.0005 pieces/m3",-42.3035,148.9488,6/15/2012,0.333,,0,139976fb-f3f4-48e8-b9d0-b2d3fdc4e9e7,148.9488,-42.30348
12010,Pacific Ocean,Tasman Sea,,,,,Ocean water,,,Neuston net,,,,,0.057406,pieces/m3,0.005-1,Medium,Eriksen et al.2014,"Eriksen, M., L.C.M. Lebreton, H.S. Carson, M. Thiel, C.J. Moore, J.C. Borerro, F. Galgani, P.G. Ryan, J. Reisser. 2014. Plastic Pollution in the World’s Oceans: More than 5 Trillion Plastic Pieces Weighing over 250,000 Tons Afloat at Sea. PLoS ONE 9(12): e111913. doi:10.1371/journal.pone.0111913",https://doi.org/10.1371/journal.pone.0111913,5 Gyres Institute,SV Mir; ORV Alguita; SV Sea Dragon; RV Stad Amsterdam,275968,https://www.ncei.noaa.gov/access/metadata/landing-page/bin/iso?id=gov.noaa.nodc:275968,"Ocean Surface, Medium, 0.005-1 pieces/m3",-42.286,148.9709,6/15/2012,0.33,,0,dab0c0bd-ba00-4b6b-80cc-271446e68e7b,148.9709,-42.286
12011,Pacific Ocean,Tasman Sea,,,,,Ocean water,,,Neuston net,,,,,0.011528,pieces/m3,0.005-1,Medium,Eriksen et al.2014,"Eriksen, M., L.C.M. Lebreton, H.S. Carson, M. Thiel, C.J. Moore, J.C. Borerro, F. Galgani, P.G. Ryan, J. Reisser. 2014. Plastic Pollution in the World’s Oceans: More than 5 Trillion Plastic Pieces Weighing over 250,000 Tons Afloat at Sea. PLoS ONE 9(12): e111913. doi:10.1371/journal.pone.0111913",https://doi.org/10.1371/journal.pone.0111913,5 Gyres Institute,SV Mir; ORV Alguita; SV Sea Dragon; RV Stad Amsterdam,275968,https://www.ncei.noaa.gov/access/metadata/landing-page/bin/iso?id=gov.noaa.nodc:275968,"Ocean Surface, Medium, 0.005-1 pieces/m3",-42.2972,148.9603,6/15/2012,0.33,,0,96b190ca-5796-4458-972e-65cf59e5beb6,148.9603,-42.2972
10160,Indian Ocean,Great Australian Bight,,,,,Ocean water,,,Neuston net,,,,,0.080999,pieces/m3,0.005-1,Medium,Reisser et al.2013,"Reisser, J., J. Shaw, C. Wilcox, B.D. Hardesty, M. Proietti, M. Thums, et al. 2013. Marine Plastic Pollution in Waters around Australia: Characteristics, Concentrations, and Pathways. PLoS ONE 8(11): e80466. ",https://doi.org/10.1371/journal.pone.0080466,University of Western Australia,RV Southern Surveyor/RV Solander,252260,https://www.ncei.noaa.gov/access/metadata/landing-page/bin/iso?id=gov.noaa.nodc:0252260,"Ocean Surface, Medium, 0.005-1 pieces/m3",-41.922,144.5419,8/12/2011,0.335,,0,5564aad1-5ea0-4fd0-8dc8-f41a7104d0b3,144.54192,-41.92197
11914,Indian Ocean,Great Australian Bight,,,,,Ocean water,,,Neuston net,,,,,0.269326,pieces/m3,0.005-1,Medium,Eriksen et al.2014,"Eriksen, M., L.C.M. Lebreton, H.S. Carson, M. Thiel, C.J. Moore, J.C. Borerro, F. Galgani, P.G. Ryan, J. Reisser. 2014. Plastic Pollution in the World’s Oceans: More than 5 Trillion Plastic Pieces Weighing over 250,000 Tons Afloat at Sea. PLoS ONE 9(12): e111913. doi:10.1371/journal.pone.0111913",https://doi.org/10.1371/journal.pone.0111913,5 Gyres Institute,SV Mir; ORV Alguita; SV Sea Dragon; RV Stad Amsterdam,275968,https://www.ncei.noaa.gov/access/metadata/landing-page/bin/iso?id=gov.noaa.nodc:275968,"Ocean Surface, Medium, 0.005-1 pieces/m3",-41.9208,144.5409,8/12/2011,0.33,,0,b1fd8a00-735e-4afb-8ac9-ea924233964a,144.5409,-41.9208
10161,Indian Ocean,Great Australian Bight,,,,,Ocean water,,,Neuston net,,,,,0.020258,pieces/m3,0.005-1,Medium,Reisser et al.2013,"Reisser, J., J. Shaw, C. Wilcox, B.D. Hardesty, M. Proietti, M. Thums, et al. 2013. Marine Plastic Pollution in Waters around Australia: Characteristics, Concentrations, and Pathways. PLoS ONE 8(11): e80466. ",https://doi.org/10.1371/journal.pone.0080466,University of Western Australia,RV Southern Surveyor/RV Solander,252260,https://www.ncei.noaa.gov/access/metadata/landing-page/bin/iso?id=gov.noaa.nodc:0252260,"Ocean Surface, Medium, 0.005-1 pieces/m3",-41.9195,144.5396,8/12/2011,0.335,,0,4cfc6416-27cf-4475-8867-fc3f4bcd66b9,144.5396,-41.91947
11915,Indian Ocean,Great Australian Bight,,,,,Ocean water,,,Neuston net,,,,,0.037994,pieces/m3,0.005-1,Medium,Eriksen et al.2014,"Eriksen, M., L.C.M. Lebreton, H.S. Carson, M. Thiel, C.J. Moore, J.C. Borerro, F. Galgani, P.G. Ryan, J. Reisser. 2014. Plastic Pollution in the World’s Oceans: More than 5 Trillion Plastic Pieces Weighing over 250,000 Tons Afloat at Sea. PLoS ONE 9(12): e111913. doi:10.1371/journal.pone.0111913",https://doi.org/10.1371/journal.pone.0111913,5 Gyres Institute,SV Mir; ORV Alguita; SV Sea Dragon; RV Stad Amsterdam,275968,https://www.ncei.noaa.gov/access/metadata/landing-page/bin/iso?id=gov.noaa.nodc:275968,"Ocean Surface, Medium, 0.005-1 pieces/m3",-41.9183,144.539,8/12/2011,0.33,,0,d68f4bda-82f9-46dc-b1f2-6607abea3dfa,144.539,-41.9183
10162,Indian Ocean,Great Australian Bight,,,,,Ocean water,,,Neuston net,,,,,0,pieces/m3,0-0.0005,Very Low,Reisser et al.2013,"Reisser, J., J. Shaw, C. Wilcox, B.D. Hardesty, M. Proietti, M. Thums, et al. 2013. Marine Plastic Pollution in Waters around Australia: Characteristics, Concentrations, and Pathways. PLoS ONE 8(11): e80466. ",https://doi.org/10.1371/journal.pone.0080466,University of Western Australia,RV Southern Surveyor/RV Solander,252260,https://www.ncei.noaa.gov/access/metadata/landing-page/bin/iso?id=gov.noaa.nodc:0252260,"Ocean Surface, Very Low, 0-0.0005 pieces/m3",-41.917,144.5381,8/12/2011,0.335,,0,f29d5cb6-525d-4c29-acb2-a307cead5175,144.5381,-41.91697
10187,Pacific Ocean,Tasman Sea,,,,,Ocean water,,,Manta net,,,,,0.00833,pieces/m3,0.005-1,Medium,Reisser et al.2013,"Reisser, J., J. Shaw, C. Wilcox, B.D. Hardesty, M. Proietti, M. Thums, et al. 2013. Marine Plastic Pollution in Waters around Australia: Characteristics, Concentrations, and Pathways. PLoS ONE 8(11): e80466. ",https://doi.org/10.1371/journal.pone.0080466,University of Western Australia,RV Southern Surveyor/RV Solander,252260,https://www.ncei.noaa.gov/access/metadata/landing-page/bin/iso?id=gov.noaa.nodc:0252260,"Ocean Surface, Medium, 0.005-1 pieces/m3",-41.8978,148.4482,4/10/2012,0.333,,0,d33703ce-9f6a-40f3-8e8c-59d213ab93bc,148.44818,-41.89778
11941,Pacific Ocean,Tasman Sea,,,,,Ocean water,,,Neuston net,,,,,0.008853,pieces/m3,0.005-1,Medium,Eriksen et al.2014,"Eriksen, M., L.C.M. Lebreton, H.S. Carson, M. Thiel, C.J. Moore, J.C. Borerro, F. Galgani, P.G. Ryan, J. Reisser. 2014. Plastic Pollution in the World’s Oceans: More than 5 Trillion Plastic Pieces Weighing over 250,000 Tons Afloat at Sea. PLoS ONE 9(12): e111913. doi:10.1371/journal.pone.0111913",https://doi.org/10.1371/journal.pone.0111913,5 Gyres Institute,SV Mir; ORV Alguita; SV Sea Dragon; RV Stad Amsterdam,275968,https://www.ncei.noaa.gov/access/metadata/landing-page/bin/iso?id=gov.noaa.nodc:275968,"Ocean Surface, Medium, 0.005-1 pieces/m3",-41.8951,148.4559,4/10/2012,0.33,,0,d4c15dda-7e96-493d-aef4-a835e05663eb,148.4559,-41.8951
10188,Pacific Ocean,Tasman Sea,,,,,Ocean water,,,Manta net,,,,,0.032146,pieces/m3,0.005-1,Medium,Reisser et al.2013,"Reisser, J., J. Shaw, C. Wilcox, B.D. Hardesty, M. Proietti, M. Thums, et al. 2013. Marine Plastic Pollution in Waters around Australia: Characteristics, Concentrations, and Pathways. PLoS ONE 8(11): e80466. ",https://doi.org/10.1371/journal.pone.0080466,University of Western Australia,RV Southern Surveyor/RV Solander,252260,https://www.ncei.noaa.gov/access/metadata/landing-page/bin/iso?id=gov.noaa.nodc:0252260,"Ocean Surface, Medium, 0.005-1 pieces/m3",-41.8839,148.4847,4/10/2012,0.333,,0,e7258b1d-7be7-47b6-a6bb-8fb041a833d8,148.48472,-41.88393
9631,Pacific Ocean,Tasman Sea,,,,,Ocean water,,,Grab sample,,,,,0.003,pieces/m3,0.0005-0.005,Low,Barrows et al.2018,"Barrows, A.P.W., S.E. Cathey, C.W. Petersen. 2018. Marine environment microfiber contamination: global patterns and the diversity of microparticle origins. Environ. Pollut. 237, 275?284",https://doi.org/10.1016/j.envpol.2018.02.062,Adventure Scientist,Adventure Scientist/Citizen Science,211009,https://www.ncei.noaa.gov/access/metadata/landing-page/bin/iso?id=gov.noaa.nodc:211009,"Ocean Surface, Low, 0.0005-0.005 pieces/m3",-42.9137,147.3604,11/14/2015,0.0005,,0.45,9031ea01-ee81-4f12-8807-c145213266e8,147.3604,-42.9137
12015,Pacific Ocean,Tasman Sea,,,,,Ocean water,,,Neuston net,,,,,0.028614,pieces/m3,0.005-1,Medium,Eriksen et al.2014,"Eriksen, M., L.C.M. Lebreton, H.S. Carson, M. Thiel, C.J. Moore, J.C. Borerro, F. Galgani, P.G. Ryan, J. Reisser. 2014. Plastic Pollution in the World’s Oceans: More than 5 Trillion Plastic Pieces Weighing over 250,000 Tons Afloat at Sea. PLoS ONE 9(12): e111913. doi:10.1371/journal.pone.0111913",https://doi.org/10.1371/journal.pone.0111913,5 Gyres Institute,SV Mir; ORV Alguita; SV Sea Dragon; RV Stad Amsterdam,275968,https://www.ncei.noaa.gov/access/metadata/landing-page/bin/iso?id=gov.noaa.nodc:275968,"Ocean Surface, Medium, 0.005-1 pieces/m3",-42.8448,148.4211,6/16/2012,0.33,,0,bff95aaf-964c-495b-b471-9acc46e609dc,148.4211,-42.8448
10261,Pacific Ocean,Tasman Sea,,,,,Ocean water,,,Manta net,,,,,0.026936,pieces/m3,0.005-1,Medium,Reisser et al.2013,"Reisser, J., J. Shaw, C. Wilcox, B.D. Hardesty, M. Proietti, M. Thums, et al. 2013. Marine Plastic Pollution in Waters around Australia: Characteristics, Concentrations, and Pathways. PLoS ONE 8(11): e80466. ",https://doi.org/10.1371/journal.pone.0080466,University of Western Australia,RV Southern Surveyor/RV Solander,252260,https://www.ncei.noaa.gov/access/metadata/landing-page/bin/iso?id=gov.noaa.nodc:0252260,"Ocean Surface, Medium, 0.005-1 pieces/m3",-42.8415,148.4277,6/16/2012,0.333,,0,e8ad1036-b5b1-4e61-83d4-8e5cbc9b3575,148.42772,-42.84152
12014,Pacific Ocean,Tasman Sea,,,,,Ocean water,,,Neuston net,,,,,0.019063,pieces/m3,0.005-1,Medium,Eriksen et al.2014,"Eriksen, M., L.C.M. Lebreton, H.S. Carson, M. Thiel, C.J. Moore, J.C. Borerro, F. Galgani, P.G. Ryan, J. Reisser. 2014. Plastic Pollution in the World’s Oceans: More than 5 Trillion Plastic Pieces Weighing over 250,000 Tons Afloat at Sea. PLoS ONE 9(12): e111913. doi:10.1371/journal.pone.0111913",https://doi.org/10.1371/journal.pone.0111913,5 Gyres Institute,SV Mir; ORV Alguita; SV Sea Dragon; RV Stad Amsterdam,275968,https://www.ncei.noaa.gov/access/metadata/landing-page/bin/iso?id=gov.noaa.nodc:275968,"Ocean Surface, Medium, 0.005-1 pieces/m3",-42.8371,148.4349,6/16/2012,0.33,,0,9d9f4bf0-1ae5-417f-bd1a-1c86d9bdcf6b,148.4349,-42.8371
10260,Pacific Ocean,Tasman Sea,,,,,Ocean water,,,Manta net,,,,,0.035888,pieces/m3,0.005-1,Medium,Reisser et al.2013,"Reisser, J., J. Shaw, C. Wilcox, B.D. Hardesty, M. Proietti, M. Thums, et al. 2013. Marine Plastic Pollution in Waters around Australia: Characteristics, Concentrations, and Pathways. PLoS ONE 8(11): e80466. ",https://doi.org/10.1371/journal.pone.0080466,University of Western Australia,RV Southern Surveyor/RV Solander,252260,https://www.ncei.noaa.gov/access/metadata/landing-page/bin/iso?id=gov.noaa.nodc:0252260,"Ocean Surface, Medium, 0.005-1 pieces/m3",-42.8332,148.4409,6/16/2012,0.333,,0,dee0aabf-8a41-4c45-9350-dedc0f77081a,148.44095,-42.8332
12013,Pacific Ocean,Tasman Sea,,,,,Ocean water,,,Neuston net,,,,,0.010323,pieces/m3,0.005-1,Medium,Eriksen et al.2014,"Eriksen, M., L.C.M. Lebreton, H.S. Carson, M. Thiel, C.J. Moore, J.C. Borerro, F. Galgani, P.G. Ryan, J. Reisser. 2014. Plastic Pollution in the World’s Oceans: More than 5 Trillion Plastic Pieces Weighing over 250,000 Tons Afloat at Sea. PLoS ONE 9(12): e111913. doi:10.1371/journal.pone.0111913",https://doi.org/10.1371/journal.pone.0111913,5 Gyres Institute,SV Mir; ORV Alguita; SV Sea Dragon; RV Stad Amsterdam,275968,https://www.ncei.noaa.gov/access/metadata/landing-page/bin/iso?id=gov.noaa.nodc:275968,"Ocean Surface, Medium, 0.005-1 pieces/m3",-42.8277,148.448,6/16/2012,0.33,,0,c340374c-6542-4038-aa52-a7a4ac153647,148.448,-42.8277
10259,Pacific Ocean,Tasman Sea,,,,,Ocean water,,,Manta net,,,,,0.019425,pieces/m3,0.005-1,Medium,Reisser et al.2013,"Reisser, J., J. Shaw, C. Wilcox, B.D. Hardesty, M. Proietti, M. Thums, et al. 2013. Marine Plastic Pollution in Waters around Australia: Characteristics, Concentrations, and Pathways. PLoS ONE 8(11): e80466. ",https://doi.org/10.1371/journal.pone.0080466,University of Western Australia,RV Southern Surveyor/RV Solander,252260,https://www.ncei.noaa.gov/access/metadata/landing-page/bin/iso?id=gov.noaa.nodc:0252260,"Ocean Surface, Medium, 0.005-1 pieces/m3",-42.8245,148.454,6/16/2012,0.333,,0,6e012db7-0db3-4307-a631-9912f1e66452,148.45405,-42.82452
9630,Pacific Ocean,Tasman Sea,,,,,Ocean water,,,Grab sample,,,,,0,pieces/m3,0-0.0005,Very Low,Barrows et al.2018,"Barrows, A.P.W., S.E. Cathey, C.W. Petersen. 2018. Marine environment microfiber contamination: global patterns and the diversity of microparticle origins. Environ. Pollut. 237, 275?284",https://doi.org/10.1016/j.envpol.2018.02.062,Adventure Scientist,Adventure Scientist/Citizen Science,211009,https://www.ncei.noaa.gov/access/metadata/landing-page/bin/iso?id=gov.noaa.nodc:211009,"Ocean Surface, Very Low, 0-0.0005 pieces/m3",-42.7405,147.2071,11/8/2015,0.0005,,0.45,87f55556-b669-4632-b142-2874b115ee81,147.2071,-42.7405
9629,Indian Ocean,,,,,,Ocean water,,,Grab sample,,,,,0.002,pieces/m3,0.0005-0.005,Low,Barrows et al.2018,"Barrows, A.P.W., S.E. Cathey, C.W. Petersen. 2018. Marine environment microfiber contamination: global patterns and the diversity of microparticle origins. Environ. Pollut. 237, 275?284",https://doi.org/10.1016/j.envpol.2018.02.062,Adventure Scientist,Adventure Scientist/Citizen Science,211009,https://www.ncei.noaa.gov/access/metadata/landing-page/bin/iso?id=gov.noaa.nodc:211009,"Ocean Surface, Low, 0.0005-0.005 pieces/m3",-43.6101,146.8219,6/11/2015,0.0005,,0.45,cbb633d6-2e01-4b9f-ba87-f736e8f08475,146.8219,-43.6101
10157,Indian Ocean,,,,,,Ocean water,,,Neuston net,,,,,0.107225,pieces/m3,0.005-1,Medium,Reisser et al.2013,"Reisser, J., J. Shaw, C. Wilcox, B.D. Hardesty, M. Proietti, M. Thums, et al. 2013. Marine Plastic Pollution in Waters around Australia: Characteristics, Concentrations, and Pathways. PLoS ONE 8(11): e80466. ",https://doi.org/10.1371/journal.pone.0080466,University of Western Australia,RV Southern Surveyor/RV Solander,252260,https://www.ncei.noaa.gov/access/metadata/landing-page/bin/iso?id=gov.noaa.nodc:0252260,"Ocean Surface, Medium, 0.005-1 pieces/m3",-43.5773,145.7996,8/11/2011,0.335,,0,0cde52fa-e356-4a01-a02c-93f3eb6c46ff,145.79962,-43.57728
10348,Southern Ocean,,,,,,Ocean water,,,Neuston net,,,,,0,pieces/m3,0-0.0005,Very Low,Suaria et al.2020,"Suaria, G., V. Perold, J.R. Lee, F. Lebouard, S. Aliani, P.G. Ryan. 2020. Floating macro- and microplastics around the Southern Ocean: Results from the Antarctic Circumnavigation Expedition. Environment International, 136, 105494 ",https://doi.org/10.1016/j.envint.2020.105494,"Institute of Marine Sciences - National Research Council, Italy",Antarctic Circumnavigation Expedition,253447,https://www.ncei.noaa.gov/access/metadata/landing-page/bin/iso?id=gov.noaa.nodc:0253447,"Ocean Surface, Very Low, 0-0.0005 pieces/m3",-67.1702,145.7227,1/30/2017,0.2,,0,410a079e-b319-4e36-ad4e-278039995a9e,145.72266,-67.17017
11911,Indian Ocean,,,,,,Ocean water,,,Neuston net,,,,,0.287172,pieces/m3,0.005-1,Medium,Eriksen et al.2014,"Eriksen, M., L.C.M. Lebreton, H.S. Carson, M. Thiel, C.J. Moore, J.C. Borerro, F. Galgani, P.G. Ryan, J. Reisser. 2014. Plastic Pollution in the World’s Oceans: More than 5 Trillion Plastic Pieces Weighing over 250,000 Tons Afloat at Sea. PLoS ONE 9(12): e111913. doi:10.1371/journal.pone.0111913",https://doi.org/10.1371/journal.pone.0111913,5 Gyres Institute,SV Mir; ORV Alguita; SV Sea Dragon; RV Stad Amsterdam,275968,https://www.ncei.noaa.gov/access/metadata/landing-page/bin/iso?id=gov.noaa.nodc:275968,"Ocean Surface, Medium, 0.005-1 pieces/m3",-43.5753,145.7961,8/11/2011,0.33,,0,68bcefb7-fbb4-4bc6-a5ae-767e09f35a38,145.7961,-43.5753
10158,Indian Ocean,,,,,,Ocean water,,,Neuston net,,,,,0.098609,pieces/m3,0.005-1,Medium,Reisser et al.2013,"Reisser, J., J. Shaw, C. Wilcox, B.D. Hardesty, M. Proietti, M. Thums, et al. 2013. Marine Plastic Pollution in Waters around Australia: Characteristics, Concentrations, and Pathways. PLoS ONE 8(11): e80466. ",https://doi.org/10.1371/journal.pone.0080466,University of Western Australia,RV Southern Surveyor/RV Solander,252260,https://www.ncei.noaa.gov/access/metadata/landing-page/bin/iso?id=gov.noaa.nodc:0252260,"Ocean Surface, Medium, 0.005-1 pieces/m3",-43.5726,145.7915,8/11/2011,0.335,,0,0a595e72-784b-4f59-9455-f0e78ac9c1ee,145.79152,-43.57258
11913,Indian Ocean,,,,,,Ocean water,,,Neuston net,,,,,0.08505,pieces/m3,0.005-1,Medium,Eriksen et al.2014,"Eriksen, M., L.C.M. Lebreton, H.S. Carson, M. Thiel, C.J. Moore, J.C. Borerro, F. Galgani, P.G. Ryan, J. Reisser. 2014. Plastic Pollution in the World’s Oceans: More than 5 Trillion Plastic Pieces Weighing over 250,000 Tons Afloat at Sea. PLoS ONE 9(12): e111913. doi:10.1371/journal.pone.0111913",https://doi.org/10.1371/journal.pone.0111913,5 Gyres Institute,SV Mir; ORV Alguita; SV Sea Dragon; RV Stad Amsterdam,275968,https://www.ncei.noaa.gov/access/metadata/landing-page/bin/iso?id=gov.noaa.nodc:275968,"Ocean Surface, Medium, 0.005-1 pieces/m3",-43.5637,145.7829,8/11/2011,0.33,,0,ce1df14d-2f93-4283-a1bb-9bf8075d0a70,145.7829,-43.5637
11912,Indian Ocean,,,,,,Ocean water,,,Neuston net,,,,,0.213438,pieces/m3,0.005-1,Medium,Eriksen et al.2014,"Eriksen, M., L.C.M. Lebreton, H.S. Carson, M. Thiel, C.J. Moore, J.C. Borerro, F. Galgani, P.G. Ryan, J. Reisser. 2014. Plastic Pollution in the World’s Oceans: More than 5 Trillion Plastic Pieces Weighing over 250,000 Tons Afloat at Sea. PLoS ONE 9(12): e111913. doi:10.1371/journal.pone.0111913",https://doi.org/10.1371/journal.pone.0111913,5 Gyres Institute,SV Mir; ORV Alguita; SV Sea Dragon; RV Stad Amsterdam,275968,https://www.ncei.noaa.gov/access/metadata/landing-page/bin/iso?id=gov.noaa.nodc:275968,"Ocean Surface, Medium, 0.005-1 pieces/m3",-43.57,145.7886,8/11/2011,0.33,,0,1b8d5315-266f-402f-bf6b-e1e14eadcf74,145.7886,-43.57
10159,Indian Ocean,,,,,,Ocean water,,,Neuston net,,,,,0.030272,pieces/m3,0.005-1,Medium,Reisser et al.2013,"Reisser, J., J. Shaw, C. Wilcox, B.D. Hardesty, M. Proietti, M. Thums, et al. 2013. Marine Plastic Pollution in Waters around Australia: Characteristics, Concentrations, and Pathways. PLoS ONE 8(11): e80466. ",https://doi.org/10.1371/journal.pone.0080466,University of Western Australia,RV Southern Surveyor/RV Solander,252260,https://www.ncei.noaa.gov/access/metadata/landing-page/bin/iso?id=gov.noaa.nodc:0252260,"Ocean Surface, Medium, 0.005-1 pieces/m3",-43.5667,145.785,8/11/2011,0.335,,0,b9434a01-6c95-403f-baeb-d13073da552a,145.78497,-43.56667
10163,Indian Ocean,Great Australian Bight,,,,,Ocean water,,,Neuston net,,,,,0.011847,pieces/m3,0.005-1,Medium,Reisser et al.2013,"Reisser, J., J. Shaw, C. Wilcox, B.D. Hardesty, M. Proietti, M. Thums, et al. 2013. Marine Plastic Pollution in Waters around Australia: Characteristics, Concentrations, and Pathways. PLoS ONE 8(11): e80466. ",https://doi.org/10.1371/journal.pone.0080466,University of Western Australia,RV Southern Surveyor/RV Solander,252260,https://www.ncei.noaa.gov/access/metadata/landing-page/bin/iso?id=gov.noaa.nodc:0252260,"Ocean Surface, Medium, 0.005-1 pieces/m3",-39.0414,142.4187,8/13/2011,0.335,,0,c1f9b409-7ffa-46db-b7a2-b15af804ddbd,142.41875,-39.0414
11917,Indian Ocean,Great Australian Bight,,,,,Ocean water,,,Neuston net,,,,,0.022208,pieces/m3,0.005-1,Medium,Eriksen et al.2014,"Eriksen, M., L.C.M. Lebreton, H.S. Carson, M. Thiel, C.J. Moore, J.C. Borerro, F. Galgani, P.G. Ryan, J. Reisser. 2014. Plastic Pollution in the World’s Oceans: More than 5 Trillion Plastic Pieces Weighing over 250,000 Tons Afloat at Sea. PLoS ONE 9(12): e111913. doi:10.1371/journal.pone.0111913",https://doi.org/10.1371/journal.pone.0111913,5 Gyres Institute,SV Mir; ORV Alguita; SV Sea Dragon; RV Stad Amsterdam,275968,https://www.ncei.noaa.gov/access/metadata/landing-page/bin/iso?id=gov.noaa.nodc:275968,"Ocean Surface, Medium, 0.005-1 pieces/m3",-39.0405,142.4134,8/13/2011,0.33,,0,0b984dc3-c9ca-47df-a0b1-f9a88b46f2f7,142.4134,-39.0405
10164,Indian Ocean,Great Australian Bight,,,,,Ocean water,,,Neuston net,,,,,0.010705,pieces/m3,0.005-1,Medium,Reisser et al.2013,"Reisser, J., J. Shaw, C. Wilcox, B.D. Hardesty, M. Proietti, M. Thums, et al. 2013. Marine Plastic Pollution in Waters around Australia: Characteristics, Concentrations, and Pathways. PLoS ONE 8(11): e80466. ",https://doi.org/10.1371/journal.pone.0080466,University of Western Australia,RV Southern Surveyor/RV Solander,252260,https://www.ncei.noaa.gov/access/metadata/landing-page/bin/iso?id=gov.noaa.nodc:0252260,"Ocean Surface, Medium, 0.005-1 pieces/m3",-39.0391,142.4061,8/13/2011,0.335,,0,7fc7f725-c978-45f8-91f8-9d363f71659c,142.40607,-39.03912
11918,Indian Ocean,Great Australian Bight,,,,,Ocean water,,,Neuston net,,,,,0.020073,pieces/m3,0.005-1,Medium,Eriksen et al.2014,"Eriksen, M., L.C.M. Lebreton, H.S. Carson, M. Thiel, C.J. Moore, J.C. Borerro, F. Galgani, P.G. Ryan, J. Reisser. 2014. Plastic Pollution in the World’s Oceans: More than 5 Trillion Plastic Pieces Weighing over 250,000 Tons Afloat at Sea. PLoS ONE 9(12): e111913. doi:10.1371/journal.pone.0111913",https://doi.org/10.1371/journal.pone.0111913,5 Gyres Institute,SV Mir; ORV Alguita; SV Sea Dragon; RV Stad Amsterdam,275968,https://www.ncei.noaa.gov/access/metadata/landing-page/bin/iso?id=gov.noaa.nodc:275968,"Ocean Surface, Medium, 0.005-1 pieces/m3",-39.0374,142.4005,8/13/2011,0.33,,0,be80287a-5c92-4d31-8490-51255f800908,142.4005,-39.0374
10165,Indian Ocean,Great Australian Bight,,,,,Ocean water,,,Neuston net,,,,,0.008259,pieces/m3,0.005-1,Medium,Reisser et al.2013,"Reisser, J., J. Shaw, C. Wilcox, B.D. Hardesty, M. Proietti, M. Thums, et al. 2013. Marine Plastic Pollution in Waters around Australia: Characteristics, Concentrations, and Pathways. PLoS ONE 8(11): e80466. ",https://doi.org/10.1371/journal.pone.0080466,University of Western Australia,RV Southern Surveyor/RV Solander,252260,https://www.ncei.noaa.gov/access/metadata/landing-page/bin/iso?id=gov.noaa.nodc:0252260,"Ocean Surface, Medium, 0.005-1 pieces/m3",-39.0353,142.3935,8/13/2011,0.335,,0,c1b3138c-a152-41dc-b198-49ee19576d01,142.39347,-39.03532
11919,Indian Ocean,Great Australian Bight,,,,,Ocean water,,,Neuston net,,,,,0.015479,pieces/m3,0.005-1,Medium,Eriksen et al.2014,"Eriksen, M., L.C.M. Lebreton, H.S. Carson, M. Thiel, C.J. Moore, J.C. Borerro, F. Galgani, P.G. Ryan, J. Reisser. 2014. Plastic Pollution in the World’s Oceans: More than 5 Trillion Plastic Pieces Weighing over 250,000 Tons Afloat at Sea. PLoS ONE 9(12): e111913. doi:10.1371/journal.pone.0111913",https://doi.org/10.1371/journal.pone.0111913,5 Gyres Institute,SV Mir; ORV Alguita; SV Sea Dragon; RV Stad Amsterdam,275968,https://www.ncei.noaa.gov/access/metadata/landing-page/bin/iso?id=gov.noaa.nodc:275968,"Ocean Surface, Medium, 0.005-1 pieces/m3",-39.0338,142.3859,8/13/2011,0.33,,0,6c209ef3-edf0-4c72-b7a3-ab9b2134277b,142.3859,-39.0338
10084,Pacific Ocean,Bass Strait,,,,,Ocean water,,,Intake seawater pump,,,,,92,pieces/m3,>=10,Very High,Tanhua et al.2020,"Tanhua, T., S.B. Gutekunst, A. Biastoch. 2020. A near-synoptic survey of ocean microplastic concentration along an around-the world sailing race. PLoS ONE 15(12): e0243203",https://doi.org/10.1371/journal.pone.0243203,GEOMAR Helmholtz Centre for Ocean Research Kiel,Volvo Ocean Race/AkzoNobel/Turn the Tide on Plastic,170967,https://www.ncei.noaa.gov/access/metadata/landing-page/bin/iso?id=gov.noaa.nodc:0170967,"Ocean Surface, Very High, >=10 pieces/m3",-38.514,144.1639,12/24/2017,0.1,,0.5,300b25ad-1961-493b-91b5-ad8698f39887,144.1639,-38.514
9995,Pacific Ocean,Bass Strait,,,,,Ocean water,,,Grab sample,,,,,0,pieces/m3,0-0.0005,Very Low,Barrows et al.2018,"Barrows, A.P.W., S.E. Cathey, C.W. Petersen. 2018. Marine environment microfiber contamination: global patterns and the diversity of microparticle origins. Environ. Pollut. 237, 275?284",https://doi.org/10.1016/j.envpol.2018.02.062,Adventure Scientist,Adventure Scientist/Citizen Science,211009,https://www.ncei.noaa.gov/access/metadata/landing-page/bin/iso?id=gov.noaa.nodc:211009,"Ocean Surface, Very Low, 0-0.0005 pieces/m3",-38.6626,143.8651,8/14/2016,0.0005,,0.45,8dcce236-c1dc-41dd-a6f5-c40c8ea0ba56,143.8651,-38.6626
10338,Indian Ocean,,,,,,Ocean water,,,Neuston net,,,,,0,pieces/m3,0-0.0005,Very Low,Suaria et al.2020,"Suaria, G., V. Perold, J.R. Lee, F. Lebouard, S. Aliani, P.G. Ryan. 2020. Floating macro- and microplastics around the Southern Ocean: Results from the Antarctic Circumnavigation Expedition. Environment International, 136, 105494 ",https://doi.org/10.1016/j.envint.2020.105494,"Institute of Marine Sciences - National Research Council, Italy",Antarctic Circumnavigation Expedition,253447,https://www.ncei.noaa.gov/access/metadata/landing-page/bin/iso?id=gov.noaa.nodc:0253447,"Ocean Surface, Very Low, 0-0.0005 pieces/m3",-46.165,51.016,12/29/2016,0.2,,0,1bba238a-bc8b-445b-b5ef-82163fa8b269,51.016,-46.165
10080,Indian Ocean,,,,,,Ocean water,,,Intake seawater pump,,,,,25,pieces/m3,>=10,Very High,Tanhua et al.2020,"Tanhua, T., S.B. Gutekunst, A. Biastoch. 2020. A near-synoptic survey of ocean microplastic concentration along an around-the world sailing race. PLoS ONE 15(12): e0243203",https://doi.org/10.1371/journal.pone.0243203,GEOMAR Helmholtz Centre for Ocean Research Kiel,Volvo Ocean Race/AkzoNobel/Turn the Tide on Plastic,170967,https://www.ncei.noaa.gov/access/metadata/landing-page/bin/iso?id=gov.noaa.nodc:0170967,"Ocean Surface, Very High, >=10 pieces/m3",-44.8215,80.5655,12/17/2017,0.1,,0.5,2a2ffb95-0f86-44bd-af73-d46ef212badc,80.5655,-44.8215
10081,Indian Ocean,,,,,,Ocean water,,,Intake seawater pump,,,,,14,pieces/m3,>=10,Very High,Tanhua et al.2020,"Tanhua, T., S.B. Gutekunst, A. Biastoch. 2020. A near-synoptic survey of ocean microplastic concentration along an around-the world sailing race. PLoS ONE 15(12): e0243203",https://doi.org/10.1371/journal.pone.0243203,GEOMAR Helmholtz Centre for Ocean Research Kiel,Volvo Ocean Race/AkzoNobel/Turn the Tide on Plastic,170967,https://www.ncei.noaa.gov/access/metadata/landing-page/bin/iso?id=gov.noaa.nodc:0170967,"Ocean Surface, Very High, >=10 pieces/m3",-45.2863,94.1626,12/18/2017,0.1,,0.5,59bfebb8-a544-41bd-9637-272c25668b89,94.1626,-45.2863
10082,Indian Ocean,,,,,,Ocean water,,,Intake seawater pump,,,,,0,pieces/m3,0-0.0005,Very Low,Tanhua et al.2020,"Tanhua, T., S.B. Gutekunst, A. Biastoch. 2020. A near-synoptic survey of ocean microplastic concentration along an around-the world sailing race. PLoS ONE 15(12): e0243203",https://doi.org/10.1371/journal.pone.0243203,GEOMAR Helmholtz Centre for Ocean Research Kiel,Volvo Ocean Race/AkzoNobel/Turn the Tide on Plastic,170967,https://www.ncei.noaa.gov/access/metadata/landing-page/bin/iso?id=gov.noaa.nodc:0170967,"Ocean Surface, Very Low, 0-0.0005 pieces/m3",-46.0689,117.2944,12/21/2017,0.1,,0.5,b3e2f073-d8a8-47ea-840b-1dc9f651a0d4,117.2944,-46.0689
10079,Indian Ocean,,,,,,Ocean water,,,Intake seawater pump,,,,,21,pieces/m3,>=10,Very High,Tanhua et al.2020,"Tanhua, T., S.B. Gutekunst, A. Biastoch. 2020. A near-synoptic survey of ocean microplastic concentration along an around-the world sailing race. PLoS ONE 15(12): e0243203",https://doi.org/10.1371/journal.pone.0243203,GEOMAR Helmholtz Centre for Ocean Research Kiel,Volvo Ocean Race/AkzoNobel/Turn the Tide on Plastic,170967,https://www.ncei.noaa.gov/access/metadata/landing-page/bin/iso?id=gov.noaa.nodc:0170967,"Ocean Surface, Very High, >=10 pieces/m3",-43.9,64.4886,12/15/2017,0.1,,0.5,98404bdd-2bc3-4818-8ce3-5e8d75293c7c,64.4886,-43.9
10083,Indian Ocean,,,,,,Ocean water,,,Intake seawater pump,,,,,66,pieces/m3,>=10,Very High,Tanhua et al.2020,"Tanhua, T., S.B. Gutekunst, A. Biastoch. 2020. A near-synoptic survey of ocean microplastic concentration along an around-the world sailing race. PLoS ONE 15(12): e0243203",https://doi.org/10.1371/journal.pone.0243203,GEOMAR Helmholtz Centre for Ocean Research Kiel,Volvo Ocean Race/AkzoNobel/Turn the Tide on Plastic,170967,https://www.ncei.noaa.gov/access/metadata/landing-page/bin/iso?id=gov.noaa.nodc:0170967,"Ocean Surface, Very High, >=10 pieces/m3",-42.353,140.3311,12/24/2017,0.1,,0.5,b6d3ef86-b694-4636-974a-a0ccacb2c4e1,140.3311,-42.353
11916,Indian Ocean,Great Australian Bight,,,,,Ocean water,,,Neuston net,,,,,0,pieces/m3,0-0.0005,Very Low,Eriksen et al.2014,"Eriksen, M., L.C.M. Lebreton, H.S. Carson, M. Thiel, C.J. Moore, J.C. Borerro, F. Galgani, P.G. Ryan, J. Reisser. 2014. Plastic Pollution in the World’s Oceans: More than 5 Trillion Plastic Pieces Weighing over 250,000 Tons Afloat at Sea. PLoS ONE 9(12): e111913. doi:10.1371/journal.pone.0111913",https://doi.org/10.1371/journal.pone.0111913,5 Gyres Institute,SV Mir; ORV Alguita; SV Sea Dragon; RV Stad Amsterdam,275968,https://www.ncei.noaa.gov/access/metadata/landing-page/bin/iso?id=gov.noaa.nodc:275968,"Ocean Surface, Very Low, 0-0.0005 pieces/m3",-41.9157,144.5373,8/12/2011,0.33,,0,bb78ed23-a36b-48c8-8109-97104dee761c,144.5373,-41.9157
10078,Indian Ocean,,,,,,Ocean water,,,Intake seawater pump,,,,,2,pieces/m3,10-Jan,High,Tanhua et al.2020,"Tanhua, T., S.B. Gutekunst, A. Biastoch. 2020. A near-synoptic survey of ocean microplastic concentration along an around-the world sailing race. PLoS ONE 15(12): e0243203",https://doi.org/10.1371/journal.pone.0243203,GEOMAR Helmholtz Centre for Ocean Research Kiel,Volvo Ocean Race/AkzoNobel/Turn the Tide on Plastic,170967,https://www.ncei.noaa.gov/access/metadata/landing-page/bin/iso?id=gov.noaa.nodc:0170967,"Ocean Surface, High, 1-10 pieces/m3",-40.4232,45.9517,12/13/2017,0.1,,0.5,5bee0f67-2051-47e2-aef4-45a41d01b919,45.9517,-40.4232
10341,Indian Ocean,,,,,,Ocean water,,,Neuston net,,,,,0,pieces/m3,0-0.0005,Very Low,Suaria et al.2020,"Suaria, G., V. Perold, J.R. Lee, F. Lebouard, S. Aliani, P.G. Ryan. 2020. Floating macro- and microplastics around the Southern Ocean: Results from the Antarctic Circumnavigation Expedition. Environment International, 136, 105494 ",https://doi.org/10.1016/j.envint.2020.105494,"Institute of Marine Sciences - National Research Council, Italy",Antarctic Circumnavigation Expedition,253447,https://www.ncei.noaa.gov/access/metadata/landing-page/bin/iso?id=gov.noaa.nodc:0253447,"Ocean Surface, Very Low, 0-0.0005 pieces/m3",-54.8432,95.7649,1/10/2017,0.2,,0,d9eaca75-5359-498a-ad7a-13bf80db1f07,95.76494,-54.84316
10342,Indian Ocean,,,,,,Ocean water,,,Neuston net,,,,,0,pieces/m3,0-0.0005,Very Low,Suaria et al.2020,"Suaria, G., V. Perold, J.R. Lee, F. Lebouard, S. Aliani, P.G. Ryan. 2020. Floating macro- and microplastics around the Southern Ocean: Results from the Antarctic Circumnavigation Expedition. Environment International, 136, 105494 ",https://doi.org/10.1016/j.envint.2020.105494,"Institute of Marine Sciences - National Research Council, Italy",Antarctic Circumnavigation Expedition,253447,https://www.ncei.noaa.gov/access/metadata/landing-page/bin/iso?id=gov.noaa.nodc:0253447,"Ocean Surface, Very Low, 0-0.0005 pieces/m3",-53.7986,112.3688,1/12/2017,0.2,,0,c3734e0f-949f-4f9b-bbe7-b17adf2dff46,112.36885,-53.79864
10343,Indian Ocean,,,,,,Ocean water,,,Neuston net,,,,,0,pieces/m3,0-0.0005,Very Low,Suaria et al.2020,"Suaria, G., V. Perold, J.R. Lee, F. Lebouard, S. Aliani, P.G. Ryan. 2020. Floating macro- and microplastics around the Southern Ocean: Results from the Antarctic Circumnavigation Expedition. Environment International, 136, 105494 ",https://doi.org/10.1016/j.envint.2020.105494,"Institute of Marine Sciences - National Research Council, Italy",Antarctic Circumnavigation Expedition,253447,https://www.ncei.noaa.gov/access/metadata/landing-page/bin/iso?id=gov.noaa.nodc:0253447,"Ocean Surface, Very Low, 0-0.0005 pieces/m3",-53.2547,118.2175,1/13/2017,0.2,,0,9789a036-7b45-41a1-b761-764b200ca67c,118.21754,-53.2547
10340,Indian Ocean,,,,,,Ocean water,,,Neuston net,,,,,0,pieces/m3,0-0.0005,Very Low,Suaria et al.2020,"Suaria, G., V. Perold, J.R. Lee, F. Lebouard, S. Aliani, P.G. Ryan. 2020. Floating macro- and microplastics around the Southern Ocean: Results from the Antarctic Circumnavigation Expedition. Environment International, 136, 105494 ",https://doi.org/10.1016/j.envint.2020.105494,"Institute of Marine Sciences - National Research Council, Italy",Antarctic Circumnavigation Expedition,253447,https://www.ncei.noaa.gov/access/metadata/landing-page/bin/iso?id=gov.noaa.nodc:0253447,"Ocean Surface, Very Low, 0-0.0005 pieces/m3",-53.1143,81.771,1/8/2017,0.2,,0,186f898c-afe2-417b-9928-657c3b123eb6,81.77099,-53.1143
10339,Indian Ocean,,,,,,Ocean water,,,Neuston net,,,,,0,pieces/m3,0-0.0005,Very Low,Suaria et al.2020,"Suaria, G., V. Perold, J.R. Lee, F. Lebouard, S. Aliani, P.G. Ryan. 2020. Floating macro- and microplastics around the Southern Ocean: Results from the Antarctic Circumnavigation Expedition. Environment International, 136, 105494 ",https://doi.org/10.1016/j.envint.2020.105494,"Institute of Marine Sciences - National Research Council, Italy",Antarctic Circumnavigation Expedition,253447,https://www.ncei.noaa.gov/access/metadata/landing-page/bin/iso?id=gov.noaa.nodc:0253447,"Ocean Surface, Very Low, 0-0.0005 pieces/m3",-50.9903,72.0449,1/6/2017,0.2,,0,a55459f3-5df9-44dd-9ddf-10510ba6c6f8,72.04491,-50.9903
10344,Indian Ocean,,,,,,Ocean water,,,Neuston net,,,,,0,pieces/m3,0-0.0005,Very Low,Suaria et al.2020,"Suaria, G., V. Perold, J.R. Lee, F. Lebouard, S. Aliani, P.G. Ryan. 2020. Floating macro- and microplastics around the Southern Ocean: Results from the Antarctic Circumnavigation Expedition. Environment International, 136, 105494 ",https://doi.org/10.1016/j.envint.2020.105494,"Institute of Marine Sciences - National Research Council, Italy",Antarctic Circumnavigation Expedition,253447,https://www.ncei.noaa.gov/access/metadata/landing-page/bin/iso?id=gov.noaa.nodc:0253447,"Ocean Surface, Very Low, 0-0.0005 pieces/m3",-49.1238,133.5555,1/15/2017,0.2,,0,8dd7e307-ee0d-4401-a450-999d3a250d6d,133.55554,-49.12376
10337,Indian Ocean,,,,,,Ocean water,,,Neuston net,,,,,0.005858,pieces/m3,0.005-1,Medium,Suaria et al.2020,"Suaria, G., V. Perold, J.R. Lee, F. Lebouard, S. Aliani, P.G. Ryan. 2020. Floating macro- and microplastics around the Southern Ocean: Results from the Antarctic Circumnavigation Expedition. Environment International, 136, 105494 ",https://doi.org/10.1016/j.envint.2020.105494,"Institute of Marine Sciences - National Research Council, Italy",Antarctic Circumnavigation Expedition,253447,https://www.ncei.noaa.gov/access/metadata/landing-page/bin/iso?id=gov.noaa.nodc:0253447,"Ocean Surface, Medium, 0.005-1 pieces/m3",-46.9192,38.1135,12/27/2016,0.2,,0,4fef1d0e-19f2-41a5-8a8a-1c7a62ca2244,38.11349,-46.91922
10370,Indian Ocean,,,,,,Ocean water,,,Neuston net,,,,,0,pieces/m3,0-0.0005,Very Low,Suaria et al.2020,"Suaria, G., V. Perold, J.R. Lee, F. Lebouard, S. Aliani, P.G. Ryan. 2020. Floating macro- and microplastics around the Southern Ocean: Results from the Antarctic Circumnavigation Expedition. Environment International, 136, 105494 ",https://doi.org/10.1016/j.envint.2020.105494,"Institute of Marine Sciences - National Research Council, Italy",Antarctic Circumnavigation Expedition,253447,https://www.ncei.noaa.gov/access/metadata/landing-page/bin/iso?id=gov.noaa.nodc:0253447,"Ocean Surface, Very Low, 0-0.0005 pieces/m3",-46.6482,38.0134,5/4/2017,0.2,,0,1264aa50-67d6-4cdb-9b04-1cb15e0f357c,38.01345,-46.648167
8901,Pacific Ocean,Tasman Sea,,,,,Ocean water,,,Grab sample,,,,,0.004,pieces/m3,0.0005-0.005,Low,Barrows et al.2018,"Barrows, A.P.W., S.E. Cathey, C.W. Petersen. 2018. Marine environment microfiber contamination: global patterns and the diversity of microparticle origins. Environ. Pollut. 237, 275?284",https://doi.org/10.1016/j.envpol.2018.02.062,Adventure Scientist,Adventure Scientist/Citizen Science,211009,https://www.ncei.noaa.gov/access/metadata/landing-page/bin/iso?id=gov.noaa.nodc:211009,"Ocean Surface, Low, 0.0005-0.005 pieces/m3",-33.799,151.2916,11/8/2014,0.0005,,0.45,30ca68f7-59e7-42ed-b997-9e61629dbc35,151.2916,-33.799
11952,Pacific Ocean,Tasman Sea,,,,,Ocean water,,,Neuston net,,,,,0.052609,pieces/m3,0.005-1,Medium,Eriksen et al.2014,"Eriksen, M., L.C.M. Lebreton, H.S. Carson, M. Thiel, C.J. Moore, J.C. Borerro, F. Galgani, P.G. Ryan, J. Reisser. 2014. Plastic Pollution in the World’s Oceans: More than 5 Trillion Plastic Pieces Weighing over 250,000 Tons Afloat at Sea. PLoS ONE 9(12): e111913. doi:10.1371/journal.pone.0111913",https://doi.org/10.1371/journal.pone.0111913,5 Gyres Institute,SV Mir; ORV Alguita; SV Sea Dragon; RV Stad Amsterdam,275968,https://www.ncei.noaa.gov/access/metadata/landing-page/bin/iso?id=gov.noaa.nodc:275968,"Ocean Surface, Medium, 0.005-1 pieces/m3",-35.3842,150.8507,4/12/2012,0.33,,0,90235ecc-03b1-4d85-8231-508bc54a3de4,150.8507,-35.3842
8896,Pacific Ocean,Tasman Sea,,,,,Ocean water,,,Grab sample,,,,,0.002,pieces/m3,0.0005-0.005,Low,Barrows et al.2018,"Barrows, A.P.W., S.E. Cathey, C.W. Petersen. 2018. Marine environment microfiber contamination: global patterns and the diversity of microparticle origins. Environ. Pollut. 237, 275?284",https://doi.org/10.1016/j.envpol.2018.02.062,Adventure Scientist,Adventure Scientist/Citizen Science,211009,https://www.ncei.noaa.gov/access/metadata/landing-page/bin/iso?id=gov.noaa.nodc:211009,"Ocean Surface, Low, 0.0005-0.005 pieces/m3",-33.9879,151.2296,11/7/2014,0.0005,,0.45,277368f3-c397-42c8-adeb-e8edc3de2eec,151.2296,-33.9879
8897,Pacific Ocean,Tasman Sea,,,,,Ocean water,,,Grab sample,,,,,0,pieces/m3,0-0.0005,Very Low,Barrows et al.2018,"Barrows, A.P.W., S.E. Cathey, C.W. Petersen. 2018. Marine environment microfiber contamination: global patterns and the diversity of microparticle origins. Environ. Pollut. 237, 275?284",https://doi.org/10.1016/j.envpol.2018.02.062,Adventure Scientist,Adventure Scientist/Citizen Science,211009,https://www.ncei.noaa.gov/access/metadata/landing-page/bin/iso?id=gov.noaa.nodc:211009,"Ocean Surface, Very Low, 0-0.0005 pieces/m3",-33.9459,151.2608,11/7/2014,0.0005,,0.45,64c7cdc2-d004-40c5-9fc4-a6d14bfc785a,151.2608,-33.9459
8898,Pacific Ocean,Tasman Sea,,,,,Ocean water,,,Grab sample,,,,,0.004,pieces/m3,0.0005-0.005,Low,Barrows et al.2018,"Barrows, A.P.W., S.E. Cathey, C.W. Petersen. 2018. Marine environment microfiber contamination: global patterns and the diversity of microparticle origins. Environ. Pollut. 237, 275?284",https://doi.org/10.1016/j.envpol.2018.02.062,Adventure Scientist,Adventure Scientist/Citizen Science,211009,https://www.ncei.noaa.gov/access/metadata/landing-page/bin/iso?id=gov.noaa.nodc:211009,"Ocean Surface, Low, 0.0005-0.005 pieces/m3",-33.9198,151.261,11/7/2014,0.0005,,0.45,25430b53-a029-472c-a8ef-6684c79d75a7,151.261,-33.9198
8895,Pacific Ocean,Tasman Sea,,,,,Ocean water,,,Grab sample,,,,,0.001,pieces/m3,0.0005-0.005,Low,Barrows et al.2018,"Barrows, A.P.W., S.E. Cathey, C.W. Petersen. 2018. Marine environment microfiber contamination: global patterns and the diversity of microparticle origins. Environ. Pollut. 237, 275?284",https://doi.org/10.1016/j.envpol.2018.02.062,Adventure Scientist,Adventure Scientist/Citizen Science,211009,https://www.ncei.noaa.gov/access/metadata/landing-page/bin/iso?id=gov.noaa.nodc:211009,"Ocean Surface, Low, 0.0005-0.005 pieces/m3",-33.893,151.2824,11/7/2014,0.0005,,0.45,19b74142-471a-48b7-8369-a06935454a78,151.2824,-33.893
8899,Pacific Ocean,Tasman Sea,,,,,Ocean water,,,Grab sample,,,,,0.002,pieces/m3,0.0005-0.005,Low,Barrows et al.2018,"Barrows, A.P.W., S.E. Cathey, C.W. Petersen. 2018. Marine environment microfiber contamination: global patterns and the diversity of microparticle origins. Environ. Pollut. 237, 275?284",https://doi.org/10.1016/j.envpol.2018.02.062,Adventure Scientist,Adventure Scientist/Citizen Science,211009,https://www.ncei.noaa.gov/access/metadata/landing-page/bin/iso?id=gov.noaa.nodc:211009,"Ocean Surface, Low, 0.0005-0.005 pieces/m3",-33.8536,151.2087,11/8/2014,0.0005,,0.45,2f3ad086-25a7-45cc-8bfb-8495f5f12d2d,151.2087,-33.8536
8894,Pacific Ocean,Tasman Sea,,,,,Ocean water,,,Grab sample,,,,,0.002,pieces/m3,0.0005-0.005,Low,Barrows et al.2018,"Barrows, A.P.W., S.E. Cathey, C.W. Petersen. 2018. Marine environment microfiber contamination: global patterns and the diversity of microparticle origins. Environ. Pollut. 237, 275?284",https://doi.org/10.1016/j.envpol.2018.02.062,Adventure Scientist,Adventure Scientist/Citizen Science,211009,https://www.ncei.noaa.gov/access/metadata/landing-page/bin/iso?id=gov.noaa.nodc:211009,"Ocean Surface, Low, 0.0005-0.005 pieces/m3",-33.8456,151.2812,11/7/2014,0.0005,,0.45,ea3a7826-256e-496b-937d-e79177a9ebec,151.2812,-33.8456
8900,Pacific Ocean,Tasman Sea,,,,,Ocean water,,,Grab sample,,,,,0.002,pieces/m3,0.0005-0.005,Low,Barrows et al.2018,"Barrows, A.P.W., S.E. Cathey, C.W. Petersen. 2018. Marine environment microfiber contamination: global patterns and the diversity of microparticle origins. Environ. Pollut. 237, 275?284",https://doi.org/10.1016/j.envpol.2018.02.062,Adventure Scientist,Adventure Scientist/Citizen Science,211009,https://www.ncei.noaa.gov/access/metadata/landing-page/bin/iso?id=gov.noaa.nodc:211009,"Ocean Surface, Low, 0.0005-0.005 pieces/m3",-33.8004,151.2856,11/8/2014,0.0005,,0.45,25028c34-e3de-4af7-823a-a997ed5b81bc,151.2856,-33.8004
11948,Pacific Ocean,Tasman Sea,,,,,Ocean water,,,Neuston net,,,,,0.033115,pieces/m3,0.005-1,Medium,Eriksen et al.2014,"Eriksen, M., L.C.M. Lebreton, H.S. Carson, M. Thiel, C.J. Moore, J.C. Borerro, F. Galgani, P.G. Ryan, J. Reisser. 2014. Plastic Pollution in the World’s Oceans: More than 5 Trillion Plastic Pieces Weighing over 250,000 Tons Afloat at Sea. PLoS ONE 9(12): e111913. doi:10.1371/journal.pone.0111913",https://doi.org/10.1371/journal.pone.0111913,5 Gyres Institute,SV Mir; ORV Alguita; SV Sea Dragon; RV Stad Amsterdam,275968,https://www.ncei.noaa.gov/access/metadata/landing-page/bin/iso?id=gov.noaa.nodc:275968,"Ocean Surface, Medium, 0.005-1 pieces/m3",-37.6223,150.4009,4/12/2012,0.33,,0,3edf4c52-5023-47de-95b1-04f029a241b5,150.4009,-37.6223
10195,Pacific Ocean,Tasman Sea,,,,,Ocean water,,,Manta net,,,,,0.033418,pieces/m3,0.005-1,Medium,Reisser et al.2013,"Reisser, J., J. Shaw, C. Wilcox, B.D. Hardesty, M. Proietti, M. Thums, et al. 2013. Marine Plastic Pollution in Waters around Australia: Characteristics, Concentrations, and Pathways. PLoS ONE 8(11): e80466. ",https://doi.org/10.1371/journal.pone.0080466,University of Western Australia,RV Southern Surveyor/RV Solander,252260,https://www.ncei.noaa.gov/access/metadata/landing-page/bin/iso?id=gov.noaa.nodc:0252260,"Ocean Surface, Medium, 0.005-1 pieces/m3",-37.6143,150.4019,4/12/2012,0.333,,0,54404f7a-d963-4299-aff2-641408caf3c9,150.40195,-37.61427
11949,Pacific Ocean,Tasman Sea,,,,,Ocean water,,,Neuston net,,,,,0.008872,pieces/m3,0.005-1,Medium,Eriksen et al.2014,"Eriksen, M., L.C.M. Lebreton, H.S. Carson, M. Thiel, C.J. Moore, J.C. Borerro, F. Galgani, P.G. Ryan, J. Reisser. 2014. Plastic Pollution in the World’s Oceans: More than 5 Trillion Plastic Pieces Weighing over 250,000 Tons Afloat at Sea. PLoS ONE 9(12): e111913. doi:10.1371/journal.pone.0111913",https://doi.org/10.1371/journal.pone.0111913,5 Gyres Institute,SV Mir; ORV Alguita; SV Sea Dragon; RV Stad Amsterdam,275968,https://www.ncei.noaa.gov/access/metadata/landing-page/bin/iso?id=gov.noaa.nodc:275968,"Ocean Surface, Medium, 0.005-1 pieces/m3",-37.608,150.4028,4/12/2012,0.33,,0,39404d91-d05e-4b66-a129-2a29441291e8,150.4028,-37.608
10196,Pacific Ocean,Tasman Sea,,,,,Ocean water,,,Manta net,,,,,0.098376,pieces/m3,0.005-1,Medium,Reisser et al.2013,"Reisser, J., J. Shaw, C. Wilcox, B.D. Hardesty, M. Proietti, M. Thums, et al. 2013. Marine Plastic Pollution in Waters around Australia: Characteristics, Concentrations, and Pathways. PLoS ONE 8(11): e80466. ",https://doi.org/10.1371/journal.pone.0080466,University of Western Australia,RV Southern Surveyor/RV Solander,252260,https://www.ncei.noaa.gov/access/metadata/landing-page/bin/iso?id=gov.noaa.nodc:0252260,"Ocean Surface, Medium, 0.005-1 pieces/m3",-35.4038,150.8398,4/12/2012,0.333,,0,8a1470f6-22e2-402f-aec3-5d9730ab9ebf,150.83983,-35.40383
10198,Pacific Ocean,Tasman Sea,,,,,Ocean water,,,Manta net,,,,,0.074271,pieces/m3,0.005-1,Medium,Reisser et al.2013,"Reisser, J., J. Shaw, C. Wilcox, B.D. Hardesty, M. Proietti, M. Thums, et al. 2013. Marine Plastic Pollution in Waters around Australia: Characteristics, Concentrations, and Pathways. PLoS ONE 8(11): e80466. ",https://doi.org/10.1371/journal.pone.0080466,University of Western Australia,RV Southern Surveyor/RV Solander,252260,https://www.ncei.noaa.gov/access/metadata/landing-page/bin/iso?id=gov.noaa.nodc:0252260,"Ocean Surface, Medium, 0.005-1 pieces/m3",-35.388,150.8485,4/12/2012,0.333,,0,46bac357-f1ad-46a8-93fb-a6f563500b05,150.84853,-35.38805
11950,Pacific Ocean,Tasman Sea,,,,,Ocean water,,,Neuston net,,,,,0.07471,pieces/m3,0.005-1,Medium,Eriksen et al.2014,"Eriksen, M., L.C.M. Lebreton, H.S. Carson, M. Thiel, C.J. Moore, J.C. Borerro, F. Galgani, P.G. Ryan, J. Reisser. 2014. Plastic Pollution in the World’s Oceans: More than 5 Trillion Plastic Pieces Weighing over 250,000 Tons Afloat at Sea. PLoS ONE 9(12): e111913. doi:10.1371/journal.pone.0111913",https://doi.org/10.1371/journal.pone.0111913,5 Gyres Institute,SV Mir; ORV Alguita; SV Sea Dragon; RV Stad Amsterdam,275968,https://www.ncei.noaa.gov/access/metadata/landing-page/bin/iso?id=gov.noaa.nodc:275968,"Ocean Surface, Medium, 0.005-1 pieces/m3",-35.4004,150.8417,4/12/2012,0.33,,0,6fd106a4-1aa6-4ce4-a35e-426943b8fa18,150.8417,-35.4004
11951,Pacific Ocean,Tasman Sea,,,,,Ocean water,,,Neuston net,,,,,0.214871,pieces/m3,0.005-1,Medium,Eriksen et al.2014,"Eriksen, M., L.C.M. Lebreton, H.S. Carson, M. Thiel, C.J. Moore, J.C. Borerro, F. Galgani, P.G. Ryan, J. Reisser. 2014. Plastic Pollution in the World’s Oceans: More than 5 Trillion Plastic Pieces Weighing over 250,000 Tons Afloat at Sea. PLoS ONE 9(12): e111913. doi:10.1371/journal.pone.0111913",https://doi.org/10.1371/journal.pone.0111913,5 Gyres Institute,SV Mir; ORV Alguita; SV Sea Dragon; RV Stad Amsterdam,275968,https://www.ncei.noaa.gov/access/metadata/landing-page/bin/iso?id=gov.noaa.nodc:275968,"Ocean Surface, Medium, 0.005-1 pieces/m3",-35.3924,150.8461,4/12/2012,0.33,,0,cf4e141e-c588-4909-85b1-58ca8218caf5,150.8461,-35.3924
10197,Pacific Ocean,Tasman Sea,,,,,Ocean water,,,Manta net,,,,,0.215576,pieces/m3,0.005-1,Medium,Reisser et al.2013,"Reisser, J., J. Shaw, C. Wilcox, B.D. Hardesty, M. Proietti, M. Thums, et al. 2013. Marine Plastic Pollution in Waters around Australia: Characteristics, Concentrations, and Pathways. PLoS ONE 8(11): e80466. ",https://doi.org/10.1371/journal.pone.0080466,University of Western Australia,RV Southern Surveyor/RV Solander,252260,https://www.ncei.noaa.gov/access/metadata/landing-page/bin/iso?id=gov.noaa.nodc:0252260,"Ocean Surface, Medium, 0.005-1 pieces/m3",-35.396,150.8442,4/12/2012,0.333,,0,a8354a44-ebdb-4e06-8851-dcd2bfc807bb,150.84418,-35.39598
10085,Pacific Ocean,Tasman Sea,,,,,Ocean water,,,Intake seawater pump,,,,,87,pieces/m3,>=10,Very High,Tanhua et al.2020,"Tanhua, T., S.B. Gutekunst, A. Biastoch. 2020. A near-synoptic survey of ocean microplastic concentration along an around-the world sailing race. PLoS ONE 15(12): e0243203",https://doi.org/10.1371/journal.pone.0243203,GEOMAR Helmholtz Centre for Ocean Research Kiel,Volvo Ocean Race/AkzoNobel/Turn the Tide on Plastic,170967,https://www.ncei.noaa.gov/access/metadata/landing-page/bin/iso?id=gov.noaa.nodc:0170967,"Ocean Surface, Very High, >=10 pieces/m3",-36.4721,149.8618,1/2/2018,0.1,,0.5,91be9383-9692-42fb-b7dd-7ad74bc75059,149.8618,-36.4721
10169,Indian Ocean,Great Australian Bight,,,,,Ocean water,,,Neuston net,,,,,0.013926,pieces/m3,0.005-1,Medium,Reisser et al.2013,"Reisser, J., J. Shaw, C. Wilcox, B.D. Hardesty, M. Proietti, M. Thums, et al. 2013. Marine Plastic Pollution in Waters around Australia: Characteristics, Concentrations, and Pathways. PLoS ONE 8(11): e80466. ",https://doi.org/10.1371/journal.pone.0080466,University of Western Australia,RV Southern Surveyor/RV Solander,252260,https://www.ncei.noaa.gov/access/metadata/landing-page/bin/iso?id=gov.noaa.nodc:0252260,"Ocean Surface, Medium, 0.005-1 pieces/m3",-36.056,135.6867,8/15/2011,0.335,,0,e479638b-d2e1-441f-885d-15d8a1d1aa51,135.6867,-36.05597
11924,Indian Ocean,Great Australian Bight,,,,,Ocean water,,,Neuston net,,,,,0.03837,pieces/m3,0.005-1,Medium,Eriksen et al.2014,"Eriksen, M., L.C.M. Lebreton, H.S. Carson, M. Thiel, C.J. Moore, J.C. Borerro, F. Galgani, P.G. Ryan, J. Reisser. 2014. Plastic Pollution in the World’s Oceans: More than 5 Trillion Plastic Pieces Weighing over 250,000 Tons Afloat at Sea. PLoS ONE 9(12): e111913. doi:10.1371/journal.pone.0111913",https://doi.org/10.1371/journal.pone.0111913,5 Gyres Institute,SV Mir; ORV Alguita; SV Sea Dragon; RV Stad Amsterdam,275968,https://www.ncei.noaa.gov/access/metadata/landing-page/bin/iso?id=gov.noaa.nodc:275968,"Ocean Surface, Medium, 0.005-1 pieces/m3",-36.0455,135.6857,8/15/2011,0.33,,0,dd89ea0e-5c6e-4c2e-b522-8246ff08dcc8,135.6857,-36.0455
10171,Indian Ocean,Great Australian Bight,,,,,Ocean water,,,Neuston net,,,,,0,pieces/m3,0-0.0005,Very Low,Reisser et al.2013,"Reisser, J., J. Shaw, C. Wilcox, B.D. Hardesty, M. Proietti, M. Thums, et al. 2013. Marine Plastic Pollution in Waters around Australia: Characteristics, Concentrations, and Pathways. PLoS ONE 8(11): e80466. ",https://doi.org/10.1371/journal.pone.0080466,University of Western Australia,RV Southern Surveyor/RV Solander,252260,https://www.ncei.noaa.gov/access/metadata/landing-page/bin/iso?id=gov.noaa.nodc:0252260,"Ocean Surface, Very Low, 0-0.0005 pieces/m3",-36.0385,135.6785,8/15/2011,0.335,,0,c9292e3d-8c89-474a-8000-4b49efea339e,135.67853,-36.03848
11925,Indian Ocean,Great Australian Bight,,,,,Ocean water,,,Neuston net,,,,,0,pieces/m3,0-0.0005,Very Low,Eriksen et al.2014,"Eriksen, M., L.C.M. Lebreton, H.S. Carson, M. Thiel, C.J. Moore, J.C. Borerro, F. Galgani, P.G. Ryan, J. Reisser. 2014. Plastic Pollution in the World’s Oceans: More than 5 Trillion Plastic Pieces Weighing over 250,000 Tons Afloat at Sea. PLoS ONE 9(12): e111913. doi:10.1371/journal.pone.0111913",https://doi.org/10.1371/journal.pone.0111913,5 Gyres Institute,SV Mir; ORV Alguita; SV Sea Dragon; RV Stad Amsterdam,275968,https://www.ncei.noaa.gov/access/metadata/landing-page/bin/iso?id=gov.noaa.nodc:275968,"Ocean Surface, Very Low, 0-0.0005 pieces/m3",-36.0362,135.6764,8/15/2011,0.33,,0,7f72b99f-ad27-4780-87c0-e788dc3978e9,135.6764,-36.0362
11923,Indian Ocean,Great Australian Bight,,,,,Ocean water,,,Neuston net,,,,,0.013055,pieces/m3,0.005-1,Medium,Eriksen et al.2014,"Eriksen, M., L.C.M. Lebreton, H.S. Carson, M. Thiel, C.J. Moore, J.C. Borerro, F. Galgani, P.G. Ryan, J. Reisser. 2014. Plastic Pollution in the World’s Oceans: More than 5 Trillion Plastic Pieces Weighing over 250,000 Tons Afloat at Sea. PLoS ONE 9(12): e111913. doi:10.1371/journal.pone.0111913",https://doi.org/10.1371/journal.pone.0111913,5 Gyres Institute,SV Mir; ORV Alguita; SV Sea Dragon; RV Stad Amsterdam,275968,https://www.ncei.noaa.gov/access/metadata/landing-page/bin/iso?id=gov.noaa.nodc:275968,"Ocean Surface, Medium, 0.005-1 pieces/m3",-36.0524,135.6864,8/15/2011,0.33,,0,e0d98665-7817-4823-b081-095e45766323,135.6864,-36.0524
10170,Indian Ocean,Great Australian Bight,,,,,Ocean water,,,Neuston net,,,,,0.006717,pieces/m3,0.005-1,Medium,Reisser et al.2013,"Reisser, J., J. Shaw, C. Wilcox, B.D. Hardesty, M. Proietti, M. Thums, et al. 2013. Marine Plastic Pollution in Waters around Australia: Characteristics, Concentrations, and Pathways. PLoS ONE 8(11): e80466. ",https://doi.org/10.1371/journal.pone.0080466,University of Western Australia,RV Southern Surveyor/RV Solander,252260,https://www.ncei.noaa.gov/access/metadata/landing-page/bin/iso?id=gov.noaa.nodc:0252260,"Ocean Surface, Medium, 0.005-1 pieces/m3",-36.0479,135.6862,8/15/2011,0.335,,0,c592b903-c0d0-4d27-a0eb-076fa247d617,135.68618,-36.04788
10172,Indian Ocean,Great Australian Bight,,,,,Ocean water,,,Neuston net,,,,,0.007775,pieces/m3,0.005-1,Medium,Reisser et al.2013,"Reisser, J., J. Shaw, C. Wilcox, B.D. Hardesty, M. Proietti, M. Thums, et al. 2013. Marine Plastic Pollution in Waters around Australia: Characteristics, Concentrations, and Pathways. PLoS ONE 8(11): e80466. ",https://doi.org/10.1371/journal.pone.0080466,University of Western Australia,RV Southern Surveyor/RV Solander,252260,https://www.ncei.noaa.gov/access/metadata/landing-page/bin/iso?id=gov.noaa.nodc:0252260,"Ocean Surface, Medium, 0.005-1 pieces/m3",-35.4807,132.1821,8/16/2011,0.335,,0,8dbad3f8-dfd2-4279-a693-d1cc703834f5,132.18213,-35.48068
10167,Indian Ocean,Great Australian Bight,,,,,Ocean water,,,Neuston net,,,,,0.008379,pieces/m3,0.005-1,Medium,Reisser et al.2013,"Reisser, J., J. Shaw, C. Wilcox, B.D. Hardesty, M. Proietti, M. Thums, et al. 2013. Marine Plastic Pollution in Waters around Australia: Characteristics, Concentrations, and Pathways. PLoS ONE 8(11): e80466. ",https://doi.org/10.1371/journal.pone.0080466,University of Western Australia,RV Southern Surveyor/RV Solander,252260,https://www.ncei.noaa.gov/access/metadata/landing-page/bin/iso?id=gov.noaa.nodc:0252260,"Ocean Surface, Medium, 0.005-1 pieces/m3",-37.8805,139.8204,8/14/2011,0.335,,0,8a81102a-eade-4467-b188-cd5d392645f9,139.82037,-37.88047
11921,Indian Ocean,Great Australian Bight,,,,,Ocean water,,,Neuston net,,,,,0.01047,pieces/m3,0.005-1,Medium,Eriksen et al.2014,"Eriksen, M., L.C.M. Lebreton, H.S. Carson, M. Thiel, C.J. Moore, J.C. Borerro, F. Galgani, P.G. Ryan, J. Reisser. 2014. Plastic Pollution in the World’s Oceans: More than 5 Trillion Plastic Pieces Weighing over 250,000 Tons Afloat at Sea. PLoS ONE 9(12): e111913. doi:10.1371/journal.pone.0111913",https://doi.org/10.1371/journal.pone.0111913,5 Gyres Institute,SV Mir; ORV Alguita; SV Sea Dragon; RV Stad Amsterdam,275968,https://www.ncei.noaa.gov/access/metadata/landing-page/bin/iso?id=gov.noaa.nodc:275968,"Ocean Surface, Medium, 0.005-1 pieces/m3",-37.8764,139.8181,8/14/2011,0.33,,0,672cca40-d93e-4ca6-903c-8126e7012627,139.8181,-37.8764
10168,Indian Ocean,Great Australian Bight,,,,,Ocean water,,,Neuston net,,,,,0.045418,pieces/m3,0.005-1,Medium,Reisser et al.2013,"Reisser, J., J. Shaw, C. Wilcox, B.D. Hardesty, M. Proietti, M. Thums, et al. 2013. Marine Plastic Pollution in Waters around Australia: Characteristics, Concentrations, and Pathways. PLoS ONE 8(11): e80466. ",https://doi.org/10.1371/journal.pone.0080466,University of Western Australia,RV Southern Surveyor/RV Solander,252260,https://www.ncei.noaa.gov/access/metadata/landing-page/bin/iso?id=gov.noaa.nodc:0252260,"Ocean Surface, Medium, 0.005-1 pieces/m3",-37.8712,139.8155,8/14/2011,0.335,,0,170bac5b-53db-4485-9cf9-f841daac35fb,139.81547,-37.87123
11922,Indian Ocean,Great Australian Bight,,,,,Ocean water,,,Neuston net,,,,,0.097363,pieces/m3,0.005-1,Medium,Eriksen et al.2014,"Eriksen, M., L.C.M. Lebreton, H.S. Carson, M. Thiel, C.J. Moore, J.C. Borerro, F. Galgani, P.G. Ryan, J. Reisser. 2014. Plastic Pollution in the World’s Oceans: More than 5 Trillion Plastic Pieces Weighing over 250,000 Tons Afloat at Sea. PLoS ONE 9(12): e111913. doi:10.1371/journal.pone.0111913",https://doi.org/10.1371/journal.pone.0111913,5 Gyres Institute,SV Mir; ORV Alguita; SV Sea Dragon; RV Stad Amsterdam,275968,https://www.ncei.noaa.gov/access/metadata/landing-page/bin/iso?id=gov.noaa.nodc:275968,"Ocean Surface, Medium, 0.005-1 pieces/m3",-37.8677,139.8136,8/14/2011,0.33,,0,e85c2c42-73a2-481b-8e2a-d3fa30fec417,139.8136,-37.8677
10193,Pacific Ocean,Tasman Sea,,,,,Ocean water,,,Manta net,,,,,0.044983,pieces/m3,0.005-1,Medium,Reisser et al.2013,"Reisser, J., J. Shaw, C. Wilcox, B.D. Hardesty, M. Proietti, M. Thums, et al. 2013. Marine Plastic Pollution in Waters around Australia: Characteristics, Concentrations, and Pathways. PLoS ONE 8(11): e80466. ",https://doi.org/10.1371/journal.pone.0080466,University of Western Australia,RV Southern Surveyor/RV Solander,252260,https://www.ncei.noaa.gov/access/metadata/landing-page/bin/iso?id=gov.noaa.nodc:0252260,"Ocean Surface, Medium, 0.005-1 pieces/m3",-37.6445,150.3971,4/12/2012,0.333,,0,c1bc571d-c07e-4d92-b820-05a77d3edfe1,150.39712,-37.64452
11947,Pacific Ocean,Tasman Sea,,,,,Ocean water,,,Neuston net,,,,,0.03981,pieces/m3,0.005-1,Medium,Eriksen et al.2014,"Eriksen, M., L.C.M. Lebreton, H.S. Carson, M. Thiel, C.J. Moore, J.C. Borerro, F. Galgani, P.G. Ryan, J. Reisser. 2014. Plastic Pollution in the World’s Oceans: More than 5 Trillion Plastic Pieces Weighing over 250,000 Tons Afloat at Sea. PLoS ONE 9(12): e111913. doi:10.1371/journal.pone.0111913",https://doi.org/10.1371/journal.pone.0111913,5 Gyres Institute,SV Mir; ORV Alguita; SV Sea Dragon; RV Stad Amsterdam,275968,https://www.ncei.noaa.gov/access/metadata/landing-page/bin/iso?id=gov.noaa.nodc:275968,"Ocean Surface, Medium, 0.005-1 pieces/m3",-37.6376,150.3985,4/12/2012,0.33,,0,0fc1c746-590d-4a6b-b14a-289edc39c03c,150.3985,-37.6376
10194,Pacific Ocean,Tasman Sea,,,,,Ocean water,,,Manta net,,,,,0.038977,pieces/m3,0.005-1,Medium,Reisser et al.2013,"Reisser, J., J. Shaw, C. Wilcox, B.D. Hardesty, M. Proietti, M. Thums, et al. 2013. Marine Plastic Pollution in Waters around Australia: Characteristics, Concentrations, and Pathways. PLoS ONE 8(11): e80466. ",https://doi.org/10.1371/journal.pone.0080466,University of Western Australia,RV Southern Surveyor/RV Solander,252260,https://www.ncei.noaa.gov/access/metadata/landing-page/bin/iso?id=gov.noaa.nodc:0252260,"Ocean Surface, Medium, 0.005-1 pieces/m3",-37.6291,150.4,4/12/2012,0.333,,0,bb629ce8-207a-401f-a536-4d9dcadd4478,150.40002,-37.62907
9732,Indian Ocean,Great Australian Bight,,,,,Ocean water,,,Grab sample,,,,,0,pieces/m3,0-0.0005,Very Low,Barrows et al.2018,"Barrows, A.P.W., S.E. Cathey, C.W. Petersen. 2018. Marine environment microfiber contamination: global patterns and the diversity of microparticle origins. Environ. Pollut. 237, 275?284",https://doi.org/10.1016/j.envpol.2018.02.062,Adventure Scientist,Adventure Scientist/Citizen Science,211009,https://www.ncei.noaa.gov/access/metadata/landing-page/bin/iso?id=gov.noaa.nodc:211009,"Ocean Surface, Very Low, 0-0.0005 pieces/m3",-37.162,139.7618,1/23/2016,0.0005,,0.45,0ba97e70-9287-4b49-b509-00fbc37e162a,139.7618,-37.162
9996,Pacific Ocean,Bass Strait,,,,,Ocean water,,,Grab sample,,,,,0,pieces/m3,0-0.0005,Very Low,Barrows et al.2018,"Barrows, A.P.W., S.E. Cathey, C.W. Petersen. 2018. Marine environment microfiber contamination: global patterns and the diversity of microparticle origins. Environ. Pollut. 237, 275?284",https://doi.org/10.1016/j.envpol.2018.02.062,Adventure Scientist,Adventure Scientist/Citizen Science,211009,https://www.ncei.noaa.gov/access/metadata/landing-page/bin/iso?id=gov.noaa.nodc:211009,"Ocean Surface, Very Low, 0-0.0005 pieces/m3",-38.3831,144.2572,8/8/2016,0.0005,,0.45,c3fb9216-8196-423d-b462-7e222bd41943,144.2572,-38.3831
9994,Pacific Ocean,Bass Strait,,,,,Ocean water,,,Grab sample,,,,,0,pieces/m3,0-0.0005,Very Low,Barrows et al.2018,"Barrows, A.P.W., S.E. Cathey, C.W. Petersen. 2018. Marine environment microfiber contamination: global patterns and the diversity of microparticle origins. Environ. Pollut. 237, 275?284",https://doi.org/10.1016/j.envpol.2018.02.062,Adventure Scientist,Adventure Scientist/Citizen Science,211009,https://www.ncei.noaa.gov/access/metadata/landing-page/bin/iso?id=gov.noaa.nodc:211009,"Ocean Surface, Very Low, 0-0.0005 pieces/m3",-38.4693,144.0853,8/6/2016,0.0005,,0.45,a65f41c2-451f-4c7d-8ea4-9396c9263880,144.0853,-38.4693
9733,Indian Ocean,Great Australian Bight,,,,,Ocean water,,,Grab sample,,,,,0,pieces/m3,0-0.0005,Very Low,Barrows et al.2018,"Barrows, A.P.W., S.E. Cathey, C.W. Petersen. 2018. Marine environment microfiber contamination: global patterns and the diversity of microparticle origins. Environ. Pollut. 237, 275?284",https://doi.org/10.1016/j.envpol.2018.02.062,Adventure Scientist,Adventure Scientist/Citizen Science,211009,https://www.ncei.noaa.gov/access/metadata/landing-page/bin/iso?id=gov.noaa.nodc:211009,"Ocean Surface, Very Low, 0-0.0005 pieces/m3",-38.0591,140.7992,2/11/2016,0.0005,,0.45,ea80e442-9330-4f0d-9185-d137d467ab97,140.7992,-38.0591
9378,Pacific Ocean,Bass Strait,,,,,Ocean water,,,Grab sample,,,,,0.002,pieces/m3,0.0005-0.005,Low,Barrows et al.2018,"Barrows, A.P.W., S.E. Cathey, C.W. Petersen. 2018. Marine environment microfiber contamination: global patterns and the diversity of microparticle origins. Environ. Pollut. 237, 275?284",https://doi.org/10.1016/j.envpol.2018.02.062,Adventure Scientist,Adventure Scientist/Citizen Science,211009,https://www.ncei.noaa.gov/access/metadata/landing-page/bin/iso?id=gov.noaa.nodc:211009,"Ocean Surface, Low, 0.0005-0.005 pieces/m3",-37.9237,144.9865,2/17/2015,0.0005,,0.45,e3411616-abce-416b-bb1e-e0b131e9c285,144.9865,-37.9237
9739,Indian Ocean,Great Australian Bight,,,,,Ocean water,,,Grab sample,,,,,0,pieces/m3,0-0.0005,Very Low,Barrows et al.2018,"Barrows, A.P.W., S.E. Cathey, C.W. Petersen. 2018. Marine environment microfiber contamination: global patterns and the diversity of microparticle origins. Environ. Pollut. 237, 275?284",https://doi.org/10.1016/j.envpol.2018.02.062,Adventure Scientist,Adventure Scientist/Citizen Science,211009,https://www.ncei.noaa.gov/access/metadata/landing-page/bin/iso?id=gov.noaa.nodc:211009,"Ocean Surface, Very Low, 0-0.0005 pieces/m3",-38.0377,140.9438,2/25/2016,0.0005,,0.45,b2dec655-c3f3-4350-8900-242947f2fca0,140.9438,-38.0377
10166,Indian Ocean,Great Australian Bight,,,,,Ocean water,,,Neuston net,,,,,0.003106,pieces/m3,0.0005-0.005,Low,Reisser et al.2013,"Reisser, J., J. Shaw, C. Wilcox, B.D. Hardesty, M. Proietti, M. Thums, et al. 2013. Marine Plastic Pollution in Waters around Australia: Characteristics, Concentrations, and Pathways. PLoS ONE 8(11): e80466. ",https://doi.org/10.1371/journal.pone.0080466,University of Western Australia,RV Southern Surveyor/RV Solander,252260,https://www.ncei.noaa.gov/access/metadata/landing-page/bin/iso?id=gov.noaa.nodc:0252260,"Ocean Surface, Low, 0.0005-0.005 pieces/m3",-37.8891,139.8259,8/14/2011,0.335,,0,10075f0b-d112-4c54-8e6a-2091ef5629e4,139.82588,-37.8891
9731,Indian Ocean,Great Australian Bight,,,,,Ocean water,,,Grab sample,,,,,0,pieces/m3,0-0.0005,Very Low,Barrows et al.2018,"Barrows, A.P.W., S.E. Cathey, C.W. Petersen. 2018. Marine environment microfiber contamination: global patterns and the diversity of microparticle origins. Environ. Pollut. 237, 275?284",https://doi.org/10.1016/j.envpol.2018.02.062,Adventure Scientist,Adventure Scientist/Citizen Science,211009,https://www.ncei.noaa.gov/access/metadata/landing-page/bin/iso?id=gov.noaa.nodc:211009,"Ocean Surface, Very Low, 0-0.0005 pieces/m3",-38.0347,140.6199,1/11/2016,0.0005,,0.45,9dda6501-bad0-410c-92ef-79b5eb8ad21b,140.6199,-38.0347
11920,Indian Ocean,Great Australian Bight,,,,,Ocean water,,,Neuston net,,,,,0.011654,pieces/m3,0.005-1,Medium,Eriksen et al.2014,"Eriksen, M., L.C.M. Lebreton, H.S. Carson, M. Thiel, C.J. Moore, J.C. Borerro, F. Galgani, P.G. Ryan, J. Reisser. 2014. Plastic Pollution in the World’s Oceans: More than 5 Trillion Plastic Pieces Weighing over 250,000 Tons Afloat at Sea. PLoS ONE 9(12): e111913. doi:10.1371/journal.pone.0111913",https://doi.org/10.1371/journal.pone.0111913,5 Gyres Institute,SV Mir; ORV Alguita; SV Sea Dragon; RV Stad Amsterdam,275968,https://www.ncei.noaa.gov/access/metadata/landing-page/bin/iso?id=gov.noaa.nodc:275968,"Ocean Surface, Medium, 0.005-1 pieces/m3",-37.8855,139.8236,8/14/2011,0.33,,0,6709b652-12db-4127-b57a-1bbff018428b,139.8236,-37.8855
10176,Indian Ocean,Great Australian Bight,,,,,Ocean water,,,Neuston net,,,,,0,pieces/m3,0-0.0005,Very Low,Reisser et al.2013,"Reisser, J., J. Shaw, C. Wilcox, B.D. Hardesty, M. Proietti, M. Thums, et al. 2013. Marine Plastic Pollution in Waters around Australia: Characteristics, Concentrations, and Pathways. PLoS ONE 8(11): e80466. ",https://doi.org/10.1371/journal.pone.0080466,University of Western Australia,RV Southern Surveyor/RV Solander,252260,https://www.ncei.noaa.gov/access/metadata/landing-page/bin/iso?id=gov.noaa.nodc:0252260,"Ocean Surface, Very Low, 0-0.0005 pieces/m3",-35.072,127.2351,8/17/2011,0.335,,0,9aa9b9fb-7f70-418b-af38-bfffb89b3170,127.23513,-35.07203
11934,Indian Ocean,Great Australian Bight,,,,,Ocean water,,,Neuston net,,,,,0,pieces/m3,0-0.0005,Very Low,Eriksen et al.2014,"Eriksen, M., L.C.M. Lebreton, H.S. Carson, M. Thiel, C.J. Moore, J.C. Borerro, F. Galgani, P.G. Ryan, J. Reisser. 2014. Plastic Pollution in the World’s Oceans: More than 5 Trillion Plastic Pieces Weighing over 250,000 Tons Afloat at Sea. PLoS ONE 9(12): e111913. doi:10.1371/journal.pone.0111913",https://doi.org/10.1371/journal.pone.0111913,5 Gyres Institute,SV Mir; ORV Alguita; SV Sea Dragon; RV Stad Amsterdam,275968,https://www.ncei.noaa.gov/access/metadata/landing-page/bin/iso?id=gov.noaa.nodc:275968,"Ocean Surface, Very Low, 0-0.0005 pieces/m3",-34.6099,121.797,8/18/2011,0.33,,0,254da592-f7da-457a-a3aa-a93a2e3723b9,121.797,-34.6099
11933,Indian Ocean,Great Australian Bight,,,,,Ocean water,,,Neuston net,,,,,0,pieces/m3,0-0.0005,Very Low,Eriksen et al.2014,"Eriksen, M., L.C.M. Lebreton, H.S. Carson, M. Thiel, C.J. Moore, J.C. Borerro, F. Galgani, P.G. Ryan, J. Reisser. 2014. Plastic Pollution in the World’s Oceans: More than 5 Trillion Plastic Pieces Weighing over 250,000 Tons Afloat at Sea. PLoS ONE 9(12): e111913. doi:10.1371/journal.pone.0111913",https://doi.org/10.1371/journal.pone.0111913,5 Gyres Institute,SV Mir; ORV Alguita; SV Sea Dragon; RV Stad Amsterdam,275968,https://www.ncei.noaa.gov/access/metadata/landing-page/bin/iso?id=gov.noaa.nodc:275968,"Ocean Surface, Very Low, 0-0.0005 pieces/m3",-34.6069,121.8093,8/18/2011,0.33,,0,3b0aa48d-5e38-4f2f-a6ee-098964b17179,121.8093,-34.6069
10180,Indian Ocean,Great Australian Bight,,,,,Ocean water,,,Neuston net,,,,,0.003664,pieces/m3,0.0005-0.005,Low,Reisser et al.2013,"Reisser, J., J. Shaw, C. Wilcox, B.D. Hardesty, M. Proietti, M. Thums, et al. 2013. Marine Plastic Pollution in Waters around Australia: Characteristics, Concentrations, and Pathways. PLoS ONE 8(11): e80466. ",https://doi.org/10.1371/journal.pone.0080466,University of Western Australia,RV Southern Surveyor/RV Solander,252260,https://www.ncei.noaa.gov/access/metadata/landing-page/bin/iso?id=gov.noaa.nodc:0252260,"Ocean Surface, Low, 0.0005-0.005 pieces/m3",-34.6098,121.7928,8/18/2011,0.335,,0,30ba9dad-9f81-4116-97c4-b935db4d90da,121.79283,-34.60978
10179,Indian Ocean,Great Australian Bight,,,,,Ocean water,,,Neuston net,,,,,0.005347,pieces/m3,0.005-1,Medium,Reisser et al.2013,"Reisser, J., J. Shaw, C. Wilcox, B.D. Hardesty, M. Proietti, M. Thums, et al. 2013. Marine Plastic Pollution in Waters around Australia: Characteristics, Concentrations, and Pathways. PLoS ONE 8(11): e80466. ",https://doi.org/10.1371/journal.pone.0080466,University of Western Australia,RV Southern Surveyor/RV Solander,252260,https://www.ncei.noaa.gov/access/metadata/landing-page/bin/iso?id=gov.noaa.nodc:0252260,"Ocean Surface, Medium, 0.005-1 pieces/m3",-34.606,121.8119,8/18/2011,0.335,,0,7c1f90f0-ed7e-4832-ab19-f989f091ad11,121.8119,-34.60598
10178,Indian Ocean,Great Australian Bight,,,,,Ocean water,,,Neuston net,,,,,0,pieces/m3,0-0.0005,Very Low,Reisser et al.2013,"Reisser, J., J. Shaw, C. Wilcox, B.D. Hardesty, M. Proietti, M. Thums, et al. 2013. Marine Plastic Pollution in Waters around Australia: Characteristics, Concentrations, and Pathways. PLoS ONE 8(11): e80466. ",https://doi.org/10.1371/journal.pone.0080466,University of Western Australia,RV Southern Surveyor/RV Solander,252260,https://www.ncei.noaa.gov/access/metadata/landing-page/bin/iso?id=gov.noaa.nodc:0252260,"Ocean Surface, Very Low, 0-0.0005 pieces/m3",-34.6037,121.8174,8/18/2011,0.335,,0,891592c8-8fd2-4ac0-880e-68cfe3e40cda,121.81743,-34.60373
11932,Indian Ocean,Great Australian Bight,,,,,Ocean water,,,Neuston net,,,,,0,pieces/m3,0-0.0005,Very Low,Eriksen et al.2014,"Eriksen, M., L.C.M. Lebreton, H.S. Carson, M. Thiel, C.J. Moore, J.C. Borerro, F. Galgani, P.G. Ryan, J. Reisser. 2014. Plastic Pollution in the World’s Oceans: More than 5 Trillion Plastic Pieces Weighing over 250,000 Tons Afloat at Sea. PLoS ONE 9(12): e111913. doi:10.1371/journal.pone.0111913",https://doi.org/10.1371/journal.pone.0111913,5 Gyres Institute,SV Mir; ORV Alguita; SV Sea Dragon; RV Stad Amsterdam,275968,https://www.ncei.noaa.gov/access/metadata/landing-page/bin/iso?id=gov.noaa.nodc:275968,"Ocean Surface, Very Low, 0-0.0005 pieces/m3",-34.6047,121.815,8/18/2011,0.33,,0,dc788e4e-f650-4b7e-801d-2baa671cae45,121.815,-34.6047
9948,Indian Ocean,Great Australian Bight,,,,,Ocean water,,,Grab sample,,,,,0,pieces/m3,0-0.0005,Very Low,Barrows et al.2018,"Barrows, A.P.W., S.E. Cathey, C.W. Petersen. 2018. Marine environment microfiber contamination: global patterns and the diversity of microparticle origins. Environ. Pollut. 237, 275?284",https://doi.org/10.1016/j.envpol.2018.02.062,Adventure Scientist,Adventure Scientist/Citizen Science,211009,https://www.ncei.noaa.gov/access/metadata/landing-page/bin/iso?id=gov.noaa.nodc:211009,"Ocean Surface, Very Low, 0-0.0005 pieces/m3",-33.894,121.8233,6/1/2016,0.0005,,0.45,aecd6788-770d-443d-8867-240c70d71254,121.8233,-33.894
10182,Indian Ocean,Great Australian Bight,,,,,Ocean water,,,Neuston net,,,,,0,pieces/m3,0-0.0005,Very Low,Reisser et al.2013,"Reisser, J., J. Shaw, C. Wilcox, B.D. Hardesty, M. Proietti, M. Thums, et al. 2013. Marine Plastic Pollution in Waters around Australia: Characteristics, Concentrations, and Pathways. PLoS ONE 8(11): e80466. ",https://doi.org/10.1371/journal.pone.0080466,University of Western Australia,RV Southern Surveyor/RV Solander,252260,https://www.ncei.noaa.gov/access/metadata/landing-page/bin/iso?id=gov.noaa.nodc:0252260,"Ocean Surface, Very Low, 0-0.0005 pieces/m3",-35.3167,118.6163,8/19/2011,0.335,,0,73f6e079-02d2-42c1-9169-84b699918397,118.61635,-35.31675
11935,Indian Ocean,Great Australian Bight,,,,,Ocean water,,,Neuston net,,,,,0,pieces/m3,0-0.0005,Very Low,Eriksen et al.2014,"Eriksen, M., L.C.M. Lebreton, H.S. Carson, M. Thiel, C.J. Moore, J.C. Borerro, F. Galgani, P.G. Ryan, J. Reisser. 2014. Plastic Pollution in the World’s Oceans: More than 5 Trillion Plastic Pieces Weighing over 250,000 Tons Afloat at Sea. PLoS ONE 9(12): e111913. doi:10.1371/journal.pone.0111913",https://doi.org/10.1371/journal.pone.0111913,5 Gyres Institute,SV Mir; ORV Alguita; SV Sea Dragon; RV Stad Amsterdam,275968,https://www.ncei.noaa.gov/access/metadata/landing-page/bin/iso?id=gov.noaa.nodc:275968,"Ocean Surface, Very Low, 0-0.0005 pieces/m3",-35.3157,118.62,8/19/2011,0.33,,0,8d8cd8fa-091c-4d96-a0a1-f628502b6f6f,118.62,-35.3157
10181,Indian Ocean,Great Australian Bight,,,,,Ocean water,,,Neuston net,,,,,0.005136,pieces/m3,0.005-1,Medium,Reisser et al.2013,"Reisser, J., J. Shaw, C. Wilcox, B.D. Hardesty, M. Proietti, M. Thums, et al. 2013. Marine Plastic Pollution in Waters around Australia: Characteristics, Concentrations, and Pathways. PLoS ONE 8(11): e80466. ",https://doi.org/10.1371/journal.pone.0080466,University of Western Australia,RV Southern Surveyor/RV Solander,252260,https://www.ncei.noaa.gov/access/metadata/landing-page/bin/iso?id=gov.noaa.nodc:0252260,"Ocean Surface, Medium, 0.005-1 pieces/m3",-35.3149,118.6228,8/19/2011,0.335,,0,0c253b3a-23b3-41f2-83f0-679b80f8f540,118.62283,-35.31488
11931,Indian Ocean,Great Australian Bight,,,,,Ocean water,,,Neuston net,,,,,0,pieces/m3,0-0.0005,Very Low,Eriksen et al.2014,"Eriksen, M., L.C.M. Lebreton, H.S. Carson, M. Thiel, C.J. Moore, J.C. Borerro, F. Galgani, P.G. Ryan, J. Reisser. 2014. Plastic Pollution in the World’s Oceans: More than 5 Trillion Plastic Pieces Weighing over 250,000 Tons Afloat at Sea. PLoS ONE 9(12): e111913. doi:10.1371/journal.pone.0111913",https://doi.org/10.1371/journal.pone.0111913,5 Gyres Institute,SV Mir; ORV Alguita; SV Sea Dragon; RV Stad Amsterdam,275968,https://www.ncei.noaa.gov/access/metadata/landing-page/bin/iso?id=gov.noaa.nodc:275968,"Ocean Surface, Very Low, 0-0.0005 pieces/m3",-35.0729,127.2253,8/17/2011,0.33,,0,3a43b269-6939-4c6c-8a2d-a982b2f75252,127.2253,-35.0729
10177,Indian Ocean,Great Australian Bight,,,,,Ocean water,,,Neuston net,,,,,0,pieces/m3,0-0.0005,Very Low,Reisser et al.2013,"Reisser, J., J. Shaw, C. Wilcox, B.D. Hardesty, M. Proietti, M. Thums, et al. 2013. Marine Plastic Pollution in Waters around Australia: Characteristics, Concentrations, and Pathways. PLoS ONE 8(11): e80466. ",https://doi.org/10.1371/journal.pone.0080466,University of Western Australia,RV Southern Surveyor/RV Solander,252260,https://www.ncei.noaa.gov/access/metadata/landing-page/bin/iso?id=gov.noaa.nodc:0252260,"Ocean Surface, Very Low, 0-0.0005 pieces/m3",-35.0727,127.2319,8/17/2011,0.335,,0,34a6a51c-b2ad-449e-9fdc-f29c3e68c165,127.23187,-35.07265
11930,Indian Ocean,Great Australian Bight,,,,,Ocean water,,,Neuston net,,,,,0,pieces/m3,0-0.0005,Very Low,Eriksen et al.2014,"Eriksen, M., L.C.M. Lebreton, H.S. Carson, M. Thiel, C.J. Moore, J.C. Borerro, F. Galgani, P.G. Ryan, J. Reisser. 2014. Plastic Pollution in the World’s Oceans: More than 5 Trillion Plastic Pieces Weighing over 250,000 Tons Afloat at Sea. PLoS ONE 9(12): e111913. doi:10.1371/journal.pone.0111913",https://doi.org/10.1371/journal.pone.0111913,5 Gyres Institute,SV Mir; ORV Alguita; SV Sea Dragon; RV Stad Amsterdam,275968,https://www.ncei.noaa.gov/access/metadata/landing-page/bin/iso?id=gov.noaa.nodc:275968,"Ocean Surface, Very Low, 0-0.0005 pieces/m3",-35.0723,127.2351,8/17/2011,0.33,,0,4e3bdb46-cd51-4386-816b-a7e9ea026f17,127.2351,-35.0723
10175,Indian Ocean,Great Australian Bight,,,,,Ocean water,,,Neuston net,,,,,0,pieces/m3,0-0.0005,Very Low,Reisser et al.2013,"Reisser, J., J. Shaw, C. Wilcox, B.D. Hardesty, M. Proietti, M. Thums, et al. 2013. Marine Plastic Pollution in Waters around Australia: Characteristics, Concentrations, and Pathways. PLoS ONE 8(11): e80466. ",https://doi.org/10.1371/journal.pone.0080466,University of Western Australia,RV Southern Surveyor/RV Solander,252260,https://www.ncei.noaa.gov/access/metadata/landing-page/bin/iso?id=gov.noaa.nodc:0252260,"Ocean Surface, Very Low, 0-0.0005 pieces/m3",-35.0722,127.266,8/17/2011,0.335,,0,9631402d-50b8-4153-8f22-89f3cda4d1d8,127.26597,-35.07215
11929,Indian Ocean,Great Australian Bight,,,,,Ocean water,,,Neuston net,,,,,0,pieces/m3,0-0.0005,Very Low,Eriksen et al.2014,"Eriksen, M., L.C.M. Lebreton, H.S. Carson, M. Thiel, C.J. Moore, J.C. Borerro, F. Galgani, P.G. Ryan, J. Reisser. 2014. Plastic Pollution in the World’s Oceans: More than 5 Trillion Plastic Pieces Weighing over 250,000 Tons Afloat at Sea. PLoS ONE 9(12): e111913. doi:10.1371/journal.pone.0111913",https://doi.org/10.1371/journal.pone.0111913,5 Gyres Institute,SV Mir; ORV Alguita; SV Sea Dragon; RV Stad Amsterdam,275968,https://www.ncei.noaa.gov/access/metadata/landing-page/bin/iso?id=gov.noaa.nodc:275968,"Ocean Surface, Very Low, 0-0.0005 pieces/m3",-35.0721,127.2582,8/17/2011,0.33,,0,b6405811-0a59-4515-90a0-e771fa4878e0,127.2582,-35.0721
10173,Indian Ocean,Great Australian Bight,,,,,Ocean water,,,Neuston net,,,,,0,pieces/m3,0-0.0005,Very Low,Reisser et al.2013,"Reisser, J., J. Shaw, C. Wilcox, B.D. Hardesty, M. Proietti, M. Thums, et al. 2013. Marine Plastic Pollution in Waters around Australia: Characteristics, Concentrations, and Pathways. PLoS ONE 8(11): e80466. ",https://doi.org/10.1371/journal.pone.0080466,University of Western Australia,RV Southern Surveyor/RV Solander,252260,https://www.ncei.noaa.gov/access/metadata/landing-page/bin/iso?id=gov.noaa.nodc:0252260,"Ocean Surface, Very Low, 0-0.0005 pieces/m3",-35.4787,132.1696,8/16/2011,0.335,,0,ba15140b-aed7-43e0-91aa-832e7c62952e,132.16957,-35.47868
11926,Indian Ocean,Great Australian Bight,,,,,Ocean water,,,Neuston net,,,,,0.009719,pieces/m3,0.005-1,Medium,Eriksen et al.2014,"Eriksen, M., L.C.M. Lebreton, H.S. Carson, M. Thiel, C.J. Moore, J.C. Borerro, F. Galgani, P.G. Ryan, J. Reisser. 2014. Plastic Pollution in the World’s Oceans: More than 5 Trillion Plastic Pieces Weighing over 250,000 Tons Afloat at Sea. PLoS ONE 9(12): e111913. doi:10.1371/journal.pone.0111913",https://doi.org/10.1371/journal.pone.0111913,5 Gyres Institute,SV Mir; ORV Alguita; SV Sea Dragon; RV Stad Amsterdam,275968,https://www.ncei.noaa.gov/access/metadata/landing-page/bin/iso?id=gov.noaa.nodc:275968,"Ocean Surface, Medium, 0.005-1 pieces/m3",-35.4797,132.1763,8/16/2011,0.33,,0,1c3e94bf-7407-45e2-9899-8a180c130370,132.1763,-35.4797
11927,Indian Ocean,Great Australian Bight,,,,,Ocean water,,,Neuston net,,,,,0,pieces/m3,0-0.0005,Very Low,Eriksen et al.2014,"Eriksen, M., L.C.M. Lebreton, H.S. Carson, M. Thiel, C.J. Moore, J.C. Borerro, F. Galgani, P.G. Ryan, J. Reisser. 2014. Plastic Pollution in the World’s Oceans: More than 5 Trillion Plastic Pieces Weighing over 250,000 Tons Afloat at Sea. PLoS ONE 9(12): e111913. doi:10.1371/journal.pone.0111913",https://doi.org/10.1371/journal.pone.0111913,5 Gyres Institute,SV Mir; ORV Alguita; SV Sea Dragon; RV Stad Amsterdam,275968,https://www.ncei.noaa.gov/access/metadata/landing-page/bin/iso?id=gov.noaa.nodc:275968,"Ocean Surface, Very Low, 0-0.0005 pieces/m3",-35.4777,132.1626,8/16/2011,0.33,,0,123d072a-a437-4c7c-9aa9-8e785f074be9,132.1626,-35.4777
10174,Indian Ocean,Great Australian Bight,,,,,Ocean water,,,Neuston net,,,,,0.004604,pieces/m3,0.0005-0.005,Low,Reisser et al.2013,"Reisser, J., J. Shaw, C. Wilcox, B.D. Hardesty, M. Proietti, M. Thums, et al. 2013. Marine Plastic Pollution in Waters around Australia: Characteristics, Concentrations, and Pathways. PLoS ONE 8(11): e80466. ",https://doi.org/10.1371/journal.pone.0080466,University of Western Australia,RV Southern Surveyor/RV Solander,252260,https://www.ncei.noaa.gov/access/metadata/landing-page/bin/iso?id=gov.noaa.nodc:0252260,"Ocean Surface, Low, 0.0005-0.005 pieces/m3",-35.4766,132.1552,8/16/2011,0.335,,0,fc15a5bd-44d5-47bf-a6d9-36ac5589ab5f,132.15517,-35.47657
11928,Indian Ocean,Great Australian Bight,,,,,Ocean water,,,Neuston net,,,,,0,pieces/m3,0-0.0005,Very Low,Eriksen et al.2014,"Eriksen, M., L.C.M. Lebreton, H.S. Carson, M. Thiel, C.J. Moore, J.C. Borerro, F. Galgani, P.G. Ryan, J. Reisser. 2014. Plastic Pollution in the World’s Oceans: More than 5 Trillion Plastic Pieces Weighing over 250,000 Tons Afloat at Sea. PLoS ONE 9(12): e111913. doi:10.1371/journal.pone.0111913",https://doi.org/10.1371/journal.pone.0111913,5 Gyres Institute,SV Mir; ORV Alguita; SV Sea Dragon; RV Stad Amsterdam,275968,https://www.ncei.noaa.gov/access/metadata/landing-page/bin/iso?id=gov.noaa.nodc:275968,"Ocean Surface, Very Low, 0-0.0005 pieces/m3",-35.4756,132.1486,8/16/2011,0.33,,0,cade2a1c-8fda-4078-a4a3-5a94ab07c406,132.1486,-35.4756
10183,Indian Ocean,Great Australian Bight,,,,,Ocean water,,,Neuston net,,,,,0.009509,pieces/m3,0.005-1,Medium,Reisser et al.2013,"Reisser, J., J. Shaw, C. Wilcox, B.D. Hardesty, M. Proietti, M. Thums, et al. 2013. Marine Plastic Pollution in Waters around Australia: Characteristics, Concentrations, and Pathways. PLoS ONE 8(11): e80466. ",https://doi.org/10.1371/journal.pone.0080466,University of Western Australia,RV Southern Surveyor/RV Solander,252260,https://www.ncei.noaa.gov/access/metadata/landing-page/bin/iso?id=gov.noaa.nodc:0252260,"Ocean Surface, Medium, 0.005-1 pieces/m3",-35.3177,118.6105,8/19/2011,0.335,,0,9f2ed750-14c9-40d1-8886-9493fb84cb81,118.61052,-35.31775
11936,Indian Ocean,Great Australian Bight,,,,,Ocean water,,,Neuston net,,,,,0,pieces/m3,0-0.0005,Very Low,Eriksen et al.2014,"Eriksen, M., L.C.M. Lebreton, H.S. Carson, M. Thiel, C.J. Moore, J.C. Borerro, F. Galgani, P.G. Ryan, J. Reisser. 2014. Plastic Pollution in the World’s Oceans: More than 5 Trillion Plastic Pieces Weighing over 250,000 Tons Afloat at Sea. PLoS ONE 9(12): e111913. doi:10.1371/journal.pone.0111913",https://doi.org/10.1371/journal.pone.0111913,5 Gyres Institute,SV Mir; ORV Alguita; SV Sea Dragon; RV Stad Amsterdam,275968,https://www.ncei.noaa.gov/access/metadata/landing-page/bin/iso?id=gov.noaa.nodc:275968,"Ocean Surface, Very Low, 0-0.0005 pieces/m3",-35.3172,118.6137,8/19/2011,0.33,,0,43cf3ed0-bd16-4bb1-a9fb-31f638d5fbd7,118.6137,-35.3172
11937,Indian Ocean,Great Australian Bight,,,,,Ocean water,,,Neuston net,,,,,0,pieces/m3,0-0.0005,Very Low,Eriksen et al.2014,"Eriksen, M., L.C.M. Lebreton, H.S. Carson, M. Thiel, C.J. Moore, J.C. Borerro, F. Galgani, P.G. Ryan, J. Reisser. 2014. Plastic Pollution in the World’s Oceans: More than 5 Trillion Plastic Pieces Weighing over 250,000 Tons Afloat at Sea. PLoS ONE 9(12): e111913. doi:10.1371/journal.pone.0111913",https://doi.org/10.1371/journal.pone.0111913,5 Gyres Institute,SV Mir; ORV Alguita; SV Sea Dragon; RV Stad Amsterdam,275968,https://www.ncei.noaa.gov/access/metadata/landing-page/bin/iso?id=gov.noaa.nodc:275968,"Ocean Surface, Very Low, 0-0.0005 pieces/m3",-35.3183,118.6074,8/19/2011,0.33,,0,d6124948-ba3a-4add-8fa3-392ea2f847b3,118.6074,-35.3183
